"cellid","biname","date","xy","trap","bi","strain","replabel","ageatdox","ageatfl","bilength","maxabovelength","numblocks","firstblockabove","numblocks1","generation","strainrep"
"3_12_19 1 5","3_12_19 1 5.bi:1","3_12_19",1,5,"1","yTY159b","1",22,20,50,0,1,FALSE,"1",21,"yTY159b 3_12_19"
"3_12_19 1 5","3_12_19 1 5.bi:2","3_12_19",1,5,"2","yTY159b","1",22,20,60,10,3,FALSE,"3",22,"yTY159b 3_12_19"
"3_12_19 1 5","3_12_19 1 5.bi:3","3_12_19",1,5,"3","yTY159b","1",22,20,60,0,1,FALSE,"1",23,"yTY159b 3_12_19"
"3_12_19 1 5","3_12_19 1 5.bi:4","3_12_19",1,5,"4","yTY159b","1",22,20,80,10,3,FALSE,"3",24,"yTY159b 3_12_19"
"3_12_19 1 5","3_12_19 1 5.bi:5","3_12_19",1,5,"5","yTY159b","1",22,20,80,0,1,FALSE,"1",25,"yTY159b 3_12_19"
"3_12_19 1 5","3_12_19 1 5.bi:6","3_12_19",1,5,"6","yTY159b","1",22,20,60,0,1,FALSE,"1",26,"yTY159b 3_12_19"
"3_12_19 1 5","3_12_19 1 5.bi:7","3_12_19",1,5,"7","yTY159b","1",22,20,100,0,1,FALSE,"1",27,"yTY159b 3_12_19"
"3_12_19 1 5","3_12_19 1 5.bi:8","3_12_19",1,5,"8","yTY159b","1",22,20,20,0,1,FALSE,"1",28,"yTY159b 3_12_19"
"3_12_19 1 7","3_12_19 1 7.bi:1","3_12_19",1,7,"1","yTY159b","1",19,17,90,10,3,FALSE,"3",18,"yTY159b 3_12_19"
"3_12_19 1 7","3_12_19 1 7.bi:2","3_12_19",1,7,"2","yTY159b","1",19,17,100,10,3,FALSE,"3",19,"yTY159b 3_12_19"
"3_12_19 1 7","3_12_19 1 7.bi:3","3_12_19",1,7,"3","yTY159b","1",19,17,110,10,3,FALSE,"3",20,"yTY159b 3_12_19"
"3_12_19 1 7","3_12_19 1 7.bi:4","3_12_19",1,7,"4","yTY159b","1",19,17,100,10,3,FALSE,"3",21,"yTY159b 3_12_19"
"3_12_19 1 7","3_12_19 1 7.bi:5","3_12_19",1,7,"5","yTY159b","1",19,17,100,20,3,FALSE,"3",22,"yTY159b 3_12_19"
"3_12_19 1 10","3_12_19 1 10.bi:1","3_12_19",1,10,"1","yTY159b","1",21,18,50,0,1,FALSE,"1",19,"yTY159b 3_12_19"
"3_12_19 1 10","3_12_19 1 10.bi:2","3_12_19",1,10,"2","yTY159b","1",21,18,80,0,1,FALSE,"1",20,"yTY159b 3_12_19"
"3_12_19 1 10","3_12_19 1 10.bi:3","3_12_19",1,10,"3","yTY159b","1",21,18,60,0,1,FALSE,"1",21,"yTY159b 3_12_19"
"3_12_19 1 10","3_12_19 1 10.bi:4","3_12_19",1,10,"4","yTY159b","1",21,18,70,10,3,FALSE,"3",22,"yTY159b 3_12_19"
"3_12_19 1 10","3_12_19 1 10.bi:5","3_12_19",1,10,"5","yTY159b","1",21,18,70,0,1,FALSE,"1",23,"yTY159b 3_12_19"
"3_12_19 1 10","3_12_19 1 10.bi:6","3_12_19",1,10,"6","yTY159b","1",21,18,70,0,1,FALSE,"1",24,"yTY159b 3_12_19"
"3_12_19 1 10","3_12_19 1 10.bi:7","3_12_19",1,10,"7","yTY159b","1",21,18,70,0,1,FALSE,"1",25,"yTY159b 3_12_19"
"3_12_19 1 10","3_12_19 1 10.bi:8","3_12_19",1,10,"8","yTY159b","1",21,18,40,0,1,FALSE,"1",26,"yTY159b 3_12_19"
"3_12_19 2 2","3_12_19 2 2.bi:1","3_12_19",2,2,"1","yTY159b","1",19,17,60,0,1,FALSE,"1",18,"yTY159b 3_12_19"
"3_12_19 2 2","3_12_19 2 2.bi:2","3_12_19",2,2,"2","yTY159b","1",19,17,70,0,1,FALSE,"1",19,"yTY159b 3_12_19"
"3_12_19 2 2","3_12_19 2 2.bi:3","3_12_19",2,2,"3","yTY159b","1",19,17,80,0,1,FALSE,"1",20,"yTY159b 3_12_19"
"3_12_19 2 2","3_12_19 2 2.bi:4","3_12_19",2,2,"4","yTY159b","1",19,17,70,10,3,FALSE,"3",21,"yTY159b 3_12_19"
"3_12_19 2 2","3_12_19 2 2.bi:5","3_12_19",2,2,"5","yTY159b","1",19,17,70,10,3,FALSE,"3",22,"yTY159b 3_12_19"
"3_12_19 2 2","3_12_19 2 2.bi:6","3_12_19",2,2,"6","yTY159b","1",19,17,80,10,3,FALSE,"3",23,"yTY159b 3_12_19"
"3_12_19 2 2","3_12_19 2 2.bi:7","3_12_19",2,2,"7","yTY159b","1",19,17,40,0,1,FALSE,"1",24,"yTY159b 3_12_19"
"3_12_19 2 7","3_12_19 2 7.bi:1","3_12_19",2,7,"1","yTY159b","1",23,21,90,0,1,FALSE,"1",22,"yTY159b 3_12_19"
"3_12_19 2 7","3_12_19 2 7.bi:2","3_12_19",2,7,"2","yTY159b","1",23,21,70,10,3,FALSE,"3",23,"yTY159b 3_12_19"
"3_12_19 2 7","3_12_19 2 7.bi:3","3_12_19",2,7,"3","yTY159b","1",23,21,100,10,3,FALSE,"3",24,"yTY159b 3_12_19"
"3_12_19 2 7","3_12_19 2 7.bi:4","3_12_19",2,7,"4","yTY159b","1",23,21,100,0,1,FALSE,"1",25,"yTY159b 3_12_19"
"3_12_19 2 7","3_12_19 2 7.bi:5","3_12_19",2,7,"5","yTY159b","1",23,21,120,10,3,FALSE,"3",26,"yTY159b 3_12_19"
"3_12_19 2 7","3_12_19 2 7.bi:6","3_12_19",2,7,"6","yTY159b","1",23,21,20,0,1,FALSE,"1",27,"yTY159b 3_12_19"
"3_12_19 3 2","3_12_19 3 2.bi:1","3_12_19",3,2,"1","yTY159b","1",22,19,60,0,1,FALSE,"1",20,"yTY159b 3_12_19"
"3_12_19 3 2","3_12_19 3 2.bi:2","3_12_19",3,2,"2","yTY159b","1",22,19,70,0,1,FALSE,"1",21,"yTY159b 3_12_19"
"3_12_19 3 2","3_12_19 3 2.bi:3","3_12_19",3,2,"3","yTY159b","1",22,19,70,0,1,FALSE,"1",22,"yTY159b 3_12_19"
"3_12_19 3 2","3_12_19 3 2.bi:4","3_12_19",3,2,"4","yTY159b","1",22,19,70,0,1,FALSE,"1",23,"yTY159b 3_12_19"
"3_12_19 3 2","3_12_19 3 2.bi:5","3_12_19",3,2,"5","yTY159b","1",22,19,90,0,1,FALSE,"1",24,"yTY159b 3_12_19"
"3_12_19 3 2","3_12_19 3 2.bi:6","3_12_19",3,2,"6","yTY159b","1",22,19,70,0,1,FALSE,"1",25,"yTY159b 3_12_19"
"3_12_19 3 2","3_12_19 3 2.bi:7","3_12_19",3,2,"7","yTY159b","1",22,19,70,0,1,FALSE,"1",26,"yTY159b 3_12_19"
"3_12_19 3 2","3_12_19 3 2.bi:8","3_12_19",3,2,"8","yTY159b","1",22,19,10,0,1,FALSE,"1",27,"yTY159b 3_12_19"
"3_12_19 3 5","3_12_19 3 5.bi:1","3_12_19",3,5,"1","yTY159b","1",23,21,40,0,1,FALSE,"1",22,"yTY159b 3_12_19"
"3_12_19 3 5","3_12_19 3 5.bi:2","3_12_19",3,5,"2","yTY159b","1",23,21,80,10,3,FALSE,"3",23,"yTY159b 3_12_19"
"3_12_19 3 5","3_12_19 3 5.bi:3","3_12_19",3,5,"3","yTY159b","1",23,21,80,0,1,FALSE,"1",24,"yTY159b 3_12_19"
"3_12_19 3 5","3_12_19 3 5.bi:4","3_12_19",3,5,"4","yTY159b","1",23,21,70,0,1,FALSE,"1",25,"yTY159b 3_12_19"
"3_12_19 3 5","3_12_19 3 5.bi:5","3_12_19",3,5,"5","yTY159b","1",23,21,80,0,1,FALSE,"1",26,"yTY159b 3_12_19"
"3_12_19 3 5","3_12_19 3 5.bi:6","3_12_19",3,5,"6","yTY159b","1",23,21,70,0,1,FALSE,"1",27,"yTY159b 3_12_19"
"3_12_19 3 5","3_12_19 3 5.bi:7","3_12_19",3,5,"7","yTY159b","1",23,21,90,0,1,FALSE,"1",28,"yTY159b 3_12_19"
"3_12_19 3 6","3_12_19 3 6.bi:1","3_12_19",3,6,"1","yTY159b","1",22,19,50,0,1,FALSE,"1",20,"yTY159b 3_12_19"
"3_12_19 3 6","3_12_19 3 6.bi:2","3_12_19",3,6,"2","yTY159b","1",22,19,80,0,1,FALSE,"1",21,"yTY159b 3_12_19"
"3_12_19 3 6","3_12_19 3 6.bi:3","3_12_19",3,6,"3","yTY159b","1",22,19,80,10,5,FALSE,">=5",22,"yTY159b 3_12_19"
"3_12_19 3 6","3_12_19 3 6.bi:4","3_12_19",3,6,"4","yTY159b","1",22,19,80,10,3,FALSE,"3",23,"yTY159b 3_12_19"
"3_12_19 3 6","3_12_19 3 6.bi:5","3_12_19",3,6,"5","yTY159b","1",22,19,100,10,3,FALSE,"3",24,"yTY159b 3_12_19"
"3_12_19 3 6","3_12_19 3 6.bi:6","3_12_19",3,6,"6","yTY159b","1",22,19,100,10,5,FALSE,">=5",25,"yTY159b 3_12_19"
"3_12_19 3 6","3_12_19 3 6.bi:7","3_12_19",3,6,"7","yTY159b","1",22,19,20,0,1,FALSE,"1",26,"yTY159b 3_12_19"
"3_12_19 3 7","3_12_19 3 7.bi:1","3_12_19",3,7,"1","yTY159b","1",23,21,60,0,1,FALSE,"1",22,"yTY159b 3_12_19"
"3_12_19 3 7","3_12_19 3 7.bi:2","3_12_19",3,7,"2","yTY159b","1",23,21,70,0,1,FALSE,"1",23,"yTY159b 3_12_19"
"3_12_19 3 7","3_12_19 3 7.bi:3","3_12_19",3,7,"3","yTY159b","1",23,21,60,0,1,FALSE,"1",24,"yTY159b 3_12_19"
"3_12_19 3 7","3_12_19 3 7.bi:4","3_12_19",3,7,"4","yTY159b","1",23,21,80,0,1,FALSE,"1",25,"yTY159b 3_12_19"
"3_12_19 3 7","3_12_19 3 7.bi:5","3_12_19",3,7,"5","yTY159b","1",23,21,60,0,1,FALSE,"1",26,"yTY159b 3_12_19"
"3_12_19 3 7","3_12_19 3 7.bi:6","3_12_19",3,7,"6","yTY159b","1",23,21,80,0,1,FALSE,"1",27,"yTY159b 3_12_19"
"3_12_19 3 7","3_12_19 3 7.bi:7","3_12_19",3,7,"7","yTY159b","1",23,21,60,0,1,FALSE,"1",28,"yTY159b 3_12_19"
"3_12_19 3 7","3_12_19 3 7.bi:8","3_12_19",3,7,"8","yTY159b","1",23,21,20,0,1,FALSE,"1",29,"yTY159b 3_12_19"
"3_12_19 4 4","3_12_19 4 4.bi:1","3_12_19",4,4,"1","yTY159b","1",17,15,90,10,3,FALSE,"3",16,"yTY159b 3_12_19"
"3_12_19 4 4","3_12_19 4 4.bi:2","3_12_19",4,4,"2","yTY159b","1",17,15,90,10,3,FALSE,"3",17,"yTY159b 3_12_19"
"3_12_19 4 4","3_12_19 4 4.bi:3","3_12_19",4,4,"3","yTY159b","1",17,15,140,10,3,FALSE,"3",18,"yTY159b 3_12_19"
"3_12_19 4 4","3_12_19 4 4.bi:4","3_12_19",4,4,"4","yTY159b","1",17,15,170,30,3,FALSE,"3",19,"yTY159b 3_12_19"
"3_12_19 4 5","3_12_19 4 5.bi:1","3_12_19",4,5,"1","yTY159b","1",22,19,70,0,1,FALSE,"1",20,"yTY159b 3_12_19"
"3_12_19 4 5","3_12_19 4 5.bi:2","3_12_19",4,5,"2","yTY159b","1",22,19,50,0,1,FALSE,"1",21,"yTY159b 3_12_19"
"3_12_19 4 5","3_12_19 4 5.bi:3","3_12_19",4,5,"3","yTY159b","1",22,19,90,0,1,FALSE,"1",22,"yTY159b 3_12_19"
"3_12_19 4 5","3_12_19 4 5.bi:4","3_12_19",4,5,"4","yTY159b","1",22,19,70,0,1,FALSE,"1",23,"yTY159b 3_12_19"
"3_12_19 4 5","3_12_19 4 5.bi:5","3_12_19",4,5,"5","yTY159b","1",22,19,50,0,1,FALSE,"1",24,"yTY159b 3_12_19"
"3_12_19 4 5","3_12_19 4 5.bi:6","3_12_19",4,5,"6","yTY159b","1",22,19,70,0,1,FALSE,"1",25,"yTY159b 3_12_19"
"3_12_19 4 5","3_12_19 4 5.bi:7","3_12_19",4,5,"7","yTY159b","1",22,19,70,0,1,FALSE,"1",26,"yTY159b 3_12_19"
"3_12_19 4 5","3_12_19 4 5.bi:8","3_12_19",4,5,"8","yTY159b","1",22,19,30,0,1,FALSE,"1",27,"yTY159b 3_12_19"
"3_12_19 4 6","3_12_19 4 6.bi:1","3_12_19",4,6,"1","yTY159b","1",22,19,40,0,1,FALSE,"1",20,"yTY159b 3_12_19"
"3_12_19 4 6","3_12_19 4 6.bi:2","3_12_19",4,6,"2","yTY159b","1",22,19,60,0,1,FALSE,"1",21,"yTY159b 3_12_19"
"3_12_19 4 6","3_12_19 4 6.bi:3","3_12_19",4,6,"3","yTY159b","1",22,19,70,0,1,FALSE,"1",22,"yTY159b 3_12_19"
"3_12_19 4 6","3_12_19 4 6.bi:4","3_12_19",4,6,"4","yTY159b","1",22,19,70,0,1,FALSE,"1",23,"yTY159b 3_12_19"
"3_12_19 4 6","3_12_19 4 6.bi:5","3_12_19",4,6,"5","yTY159b","1",22,19,70,0,1,FALSE,"1",24,"yTY159b 3_12_19"
"3_12_19 4 6","3_12_19 4 6.bi:6","3_12_19",4,6,"6","yTY159b","1",22,19,80,0,1,FALSE,"1",25,"yTY159b 3_12_19"
"3_12_19 4 6","3_12_19 4 6.bi:7","3_12_19",4,6,"7","yTY159b","1",22,19,90,10,3,FALSE,"3",26,"yTY159b 3_12_19"
"3_12_19 4 6","3_12_19 4 6.bi:8","3_12_19",4,6,"8","yTY159b","1",22,19,30,0,1,FALSE,"1",27,"yTY159b 3_12_19"
"3_12_19 4 7","3_12_19 4 7.bi:1","3_12_19",4,7,"1","yTY159b","1",19,17,60,0,1,FALSE,"1",18,"yTY159b 3_12_19"
"3_12_19 4 7","3_12_19 4 7.bi:2","3_12_19",4,7,"2","yTY159b","1",19,17,60,0,1,FALSE,"1",19,"yTY159b 3_12_19"
"3_12_19 4 7","3_12_19 4 7.bi:3","3_12_19",4,7,"3","yTY159b","1",19,17,70,0,1,FALSE,"1",20,"yTY159b 3_12_19"
"3_12_19 4 7","3_12_19 4 7.bi:4","3_12_19",4,7,"4","yTY159b","1",19,17,70,0,1,FALSE,"1",21,"yTY159b 3_12_19"
"3_12_19 4 7","3_12_19 4 7.bi:5","3_12_19",4,7,"5","yTY159b","1",19,17,80,10,3,FALSE,"3",22,"yTY159b 3_12_19"
"3_12_19 4 7","3_12_19 4 7.bi:6","3_12_19",4,7,"6","yTY159b","1",19,17,90,10,3,FALSE,"3",23,"yTY159b 3_12_19"
"3_12_19 4 7","3_12_19 4 7.bi:7","3_12_19",4,7,"7","yTY159b","1",19,17,50,0,1,FALSE,"1",24,"yTY159b 3_12_19"
"3_12_19 4 9","3_12_19 4 9.bi:1","3_12_19",4,9,"1","yTY159b","1",20,18,60,0,1,FALSE,"1",19,"yTY159b 3_12_19"
"3_12_19 4 9","3_12_19 4 9.bi:2","3_12_19",4,9,"2","yTY159b","1",20,18,50,0,1,FALSE,"1",20,"yTY159b 3_12_19"
"3_12_19 4 9","3_12_19 4 9.bi:3","3_12_19",4,9,"3","yTY159b","1",20,18,90,10,2,FALSE,"2",21,"yTY159b 3_12_19"
"3_12_19 4 9","3_12_19 4 9.bi:4","3_12_19",4,9,"4","yTY159b","1",20,18,90,10,3,FALSE,"3",22,"yTY159b 3_12_19"
"3_12_19 4 9","3_12_19 4 9.bi:5","3_12_19",4,9,"5","yTY159b","1",20,18,80,10,3,FALSE,"3",23,"yTY159b 3_12_19"
"3_12_19 4 9","3_12_19 4 9.bi:6","3_12_19",4,9,"6","yTY159b","1",20,18,90,10,5,FALSE,">=5",24,"yTY159b 3_12_19"
"3_12_19 4 9","3_12_19 4 9.bi:7","3_12_19",4,9,"7","yTY159b","1",20,18,10,0,1,FALSE,"1",25,"yTY159b 3_12_19"
"3_12_19 4 10","3_12_19 4 10.bi:1","3_12_19",4,10,"1","yTY159b","1",23,21,70,0,1,FALSE,"1",22,"yTY159b 3_12_19"
"3_12_19 4 10","3_12_19 4 10.bi:2","3_12_19",4,10,"2","yTY159b","1",23,21,70,0,1,FALSE,"1",23,"yTY159b 3_12_19"
"3_12_19 4 10","3_12_19 4 10.bi:3","3_12_19",4,10,"3","yTY159b","1",23,21,60,0,1,FALSE,"1",24,"yTY159b 3_12_19"
"3_12_19 4 10","3_12_19 4 10.bi:4","3_12_19",4,10,"4","yTY159b","1",23,21,70,0,1,FALSE,"1",25,"yTY159b 3_12_19"
"3_12_19 4 10","3_12_19 4 10.bi:5","3_12_19",4,10,"5","yTY159b","1",23,21,90,0,1,FALSE,"1",26,"yTY159b 3_12_19"
"3_12_19 4 10","3_12_19 4 10.bi:6","3_12_19",4,10,"6","yTY159b","1",23,21,80,0,1,FALSE,"1",27,"yTY159b 3_12_19"
"3_12_19 4 10","3_12_19 4 10.bi:7","3_12_19",4,10,"7","yTY159b","1",23,21,20,0,1,FALSE,"1",28,"yTY159b 3_12_19"
"3_12_19 5 2","3_12_19 5 2.bi:1","3_12_19",5,2,"1","yTY159b","1",15,14,110,0,1,FALSE,"1",15,"yTY159b 3_12_19"
"3_12_19 5 2","3_12_19 5 2.bi:2","3_12_19",5,2,"2","yTY159b","1",15,14,230,10,7,FALSE,">=5",16,"yTY159b 3_12_19"
"3_12_19 5 2","3_12_19 5 2.bi:3","3_12_19",5,2,"3","yTY159b","1",15,14,130,10,3,FALSE,"3",17,"yTY159b 3_12_19"
"3_12_19 5 3","3_12_19 5 3.bi:1","3_12_19",5,3,"1","yTY159b","1",18,16,60,0,1,FALSE,"1",17,"yTY159b 3_12_19"
"3_12_19 5 3","3_12_19 5 3.bi:2","3_12_19",5,3,"2","yTY159b","1",18,16,60,0,1,FALSE,"1",18,"yTY159b 3_12_19"
"3_12_19 5 3","3_12_19 5 3.bi:3","3_12_19",5,3,"3","yTY159b","1",18,16,60,0,1,FALSE,"1",19,"yTY159b 3_12_19"
"3_12_19 5 3","3_12_19 5 3.bi:4","3_12_19",5,3,"4","yTY159b","1",18,16,70,0,1,FALSE,"1",20,"yTY159b 3_12_19"
"3_12_19 5 3","3_12_19 5 3.bi:5","3_12_19",5,3,"5","yTY159b","1",18,16,70,0,1,FALSE,"1",21,"yTY159b 3_12_19"
"3_12_19 5 3","3_12_19 5 3.bi:6","3_12_19",5,3,"6","yTY159b","1",18,16,80,10,2,TRUE,"2",22,"yTY159b 3_12_19"
"3_12_19 5 3","3_12_19 5 3.bi:7","3_12_19",5,3,"7","yTY159b","1",18,16,70,0,1,FALSE,"1",23,"yTY159b 3_12_19"
"3_12_19 5 4","3_12_19 5 4.bi:1","3_12_19",5,4,"1","yTY159b","1",20,17,60,0,1,FALSE,"1",18,"yTY159b 3_12_19"
"3_12_19 5 4","3_12_19 5 4.bi:2","3_12_19",5,4,"2","yTY159b","1",20,17,70,0,1,FALSE,"1",19,"yTY159b 3_12_19"
"3_12_19 5 4","3_12_19 5 4.bi:3","3_12_19",5,4,"3","yTY159b","1",20,17,70,0,1,FALSE,"1",20,"yTY159b 3_12_19"
"3_12_19 5 4","3_12_19 5 4.bi:4","3_12_19",5,4,"4","yTY159b","1",20,17,60,0,1,FALSE,"1",21,"yTY159b 3_12_19"
"3_12_19 5 4","3_12_19 5 4.bi:5","3_12_19",5,4,"5","yTY159b","1",20,17,70,0,1,FALSE,"1",22,"yTY159b 3_12_19"
"3_12_19 5 4","3_12_19 5 4.bi:6","3_12_19",5,4,"6","yTY159b","1",20,17,60,0,1,FALSE,"1",23,"yTY159b 3_12_19"
"3_12_19 5 4","3_12_19 5 4.bi:7","3_12_19",5,4,"7","yTY159b","1",20,17,70,0,1,FALSE,"1",24,"yTY159b 3_12_19"
"3_12_19 5 4","3_12_19 5 4.bi:8","3_12_19",5,4,"8","yTY159b","1",20,17,50,0,1,FALSE,"1",25,"yTY159b 3_12_19"
"3_12_19 5 6","3_12_19 5 6.bi:1","3_12_19",5,6,"1","yTY159b","1",22,20,70,0,1,FALSE,"1",21,"yTY159b 3_12_19"
"3_12_19 5 6","3_12_19 5 6.bi:2","3_12_19",5,6,"2","yTY159b","1",22,20,110,0,1,FALSE,"1",22,"yTY159b 3_12_19"
"3_12_19 5 6","3_12_19 5 6.bi:3","3_12_19",5,6,"3","yTY159b","1",22,20,120,10,3,FALSE,"3",23,"yTY159b 3_12_19"
"3_12_19 5 6","3_12_19 5 6.bi:4","3_12_19",5,6,"4","yTY159b","1",22,20,120,20,3,FALSE,"3",24,"yTY159b 3_12_19"
"3_12_19 5 6","3_12_19 5 6.bi:5","3_12_19",5,6,"5","yTY159b","1",22,20,70,10,2,FALSE,"2",25,"yTY159b 3_12_19"
"3_12_19 5 7","3_12_19 5 7.bi:1","3_12_19",5,7,"1","yTY159b","1",17,16,460,80,13,FALSE,">=5",17,"yTY159b 3_12_19"
"3_12_19 5 8","3_12_19 5 8.bi:1","3_12_19",5,8,"1","yTY159b","1",23,20,60,0,1,FALSE,"1",21,"yTY159b 3_12_19"
"3_12_19 5 8","3_12_19 5 8.bi:2","3_12_19",5,8,"2","yTY159b","1",23,20,70,0,1,FALSE,"1",22,"yTY159b 3_12_19"
"3_12_19 5 8","3_12_19 5 8.bi:3","3_12_19",5,8,"3","yTY159b","1",23,20,70,10,3,FALSE,"3",23,"yTY159b 3_12_19"
"3_12_19 5 8","3_12_19 5 8.bi:4","3_12_19",5,8,"4","yTY159b","1",23,20,60,0,1,FALSE,"1",24,"yTY159b 3_12_19"
"3_12_19 5 8","3_12_19 5 8.bi:5","3_12_19",5,8,"5","yTY159b","1",23,20,70,0,1,FALSE,"1",25,"yTY159b 3_12_19"
"3_12_19 5 8","3_12_19 5 8.bi:6","3_12_19",5,8,"6","yTY159b","1",23,20,70,0,1,FALSE,"1",26,"yTY159b 3_12_19"
"3_12_19 5 8","3_12_19 5 8.bi:7","3_12_19",5,8,"7","yTY159b","1",23,20,60,0,1,FALSE,"1",27,"yTY159b 3_12_19"
"3_12_19 5 8","3_12_19 5 8.bi:8","3_12_19",5,8,"8","yTY159b","1",23,20,50,0,1,FALSE,"1",28,"yTY159b 3_12_19"
"3_12_19 5 9","3_12_19 5 9.bi:1","3_12_19",5,9,"1","yTY159b","1",18,16,80,10,3,FALSE,"3",17,"yTY159b 3_12_19"
"3_12_19 5 9","3_12_19 5 9.bi:2","3_12_19",5,9,"2","yTY159b","1",18,16,90,10,3,FALSE,"3",18,"yTY159b 3_12_19"
"3_12_19 5 9","3_12_19 5 9.bi:3","3_12_19",5,9,"3","yTY159b","1",18,16,260,60,7,FALSE,">=5",19,"yTY159b 3_12_19"
"3_12_19 5 10","3_12_19 5 10.bi:1","3_12_19",5,10,"1","yTY159b","1",16,14,60,0,1,FALSE,"1",15,"yTY159b 3_12_19"
"3_12_19 5 10","3_12_19 5 10.bi:2","3_12_19",5,10,"2","yTY159b","1",16,14,60,0,1,FALSE,"1",16,"yTY159b 3_12_19"
"3_12_19 5 10","3_12_19 5 10.bi:3","3_12_19",5,10,"3","yTY159b","1",16,14,60,0,1,FALSE,"1",17,"yTY159b 3_12_19"
"3_12_19 5 10","3_12_19 5 10.bi:4","3_12_19",5,10,"4","yTY159b","1",16,14,80,0,1,FALSE,"1",18,"yTY159b 3_12_19"
"3_12_19 5 10","3_12_19 5 10.bi:5","3_12_19",5,10,"5","yTY159b","1",16,14,60,0,1,FALSE,"1",19,"yTY159b 3_12_19"
"3_12_19 5 10","3_12_19 5 10.bi:6","3_12_19",5,10,"6","yTY159b","1",16,14,70,0,1,FALSE,"1",20,"yTY159b 3_12_19"
"3_12_19 5 10","3_12_19 5 10.bi:7","3_12_19",5,10,"7","yTY159b","1",16,14,70,0,1,FALSE,"1",21,"yTY159b 3_12_19"
"3_12_19 5 10","3_12_19 5 10.bi:8","3_12_19",5,10,"8","yTY159b","1",16,14,20,0,1,FALSE,"1",22,"yTY159b 3_12_19"
"3_12_19 6 7","3_12_19 6 7.bi:1","3_12_19",6,7,"1","yTY159b","1",24,22,110,10,3,FALSE,"3",23,"yTY159b 3_12_19"
"3_12_19 6 7","3_12_19 6 7.bi:2","3_12_19",6,7,"2","yTY159b","1",24,22,100,0,1,FALSE,"1",24,"yTY159b 3_12_19"
"3_12_19 6 7","3_12_19 6 7.bi:3","3_12_19",6,7,"3","yTY159b","1",24,22,90,0,1,FALSE,"1",25,"yTY159b 3_12_19"
"3_12_19 6 7","3_12_19 6 7.bi:4","3_12_19",6,7,"4","yTY159b","1",24,22,160,30,3,FALSE,"3",26,"yTY159b 3_12_19"
"3_12_19 6 7","3_12_19 6 7.bi:5","3_12_19",6,7,"5","yTY159b","1",24,22,30,0,1,FALSE,"1",27,"yTY159b 3_12_19"
"3_12_19 7 7","3_12_19 7 7.bi:1","3_12_19",7,7,"1","yTY159b","1",23,20,50,0,1,FALSE,"1",21,"yTY159b 3_12_19"
"3_12_19 7 7","3_12_19 7 7.bi:2","3_12_19",7,7,"2","yTY159b","1",23,20,60,10,2,TRUE,"2",22,"yTY159b 3_12_19"
"3_12_19 7 7","3_12_19 7 7.bi:3","3_12_19",7,7,"3","yTY159b","1",23,20,70,0,1,FALSE,"1",23,"yTY159b 3_12_19"
"3_12_19 7 7","3_12_19 7 7.bi:4","3_12_19",7,7,"4","yTY159b","1",23,20,70,0,1,FALSE,"1",24,"yTY159b 3_12_19"
"3_12_19 7 7","3_12_19 7 7.bi:5","3_12_19",7,7,"5","yTY159b","1",23,20,70,10,3,FALSE,"3",25,"yTY159b 3_12_19"
"3_12_19 7 7","3_12_19 7 7.bi:6","3_12_19",7,7,"6","yTY159b","1",23,20,70,0,1,FALSE,"1",26,"yTY159b 3_12_19"
"3_12_19 7 7","3_12_19 7 7.bi:7","3_12_19",7,7,"7","yTY159b","1",23,20,60,0,1,FALSE,"1",27,"yTY159b 3_12_19"
"3_12_19 7 7","3_12_19 7 7.bi:8","3_12_19",7,7,"8","yTY159b","1",23,20,50,0,1,FALSE,"1",28,"yTY159b 3_12_19"
"3_12_19 7 8","3_12_19 7 8.bi:1","3_12_19",7,8,"1","yTY159b","1",16,15,390,20,11,FALSE,">=5",16,"yTY159b 3_12_19"
"3_12_19 8 5","3_12_19 8 5.bi:1","3_12_19",8,5,"1","yTY159b","1",19,17,60,0,1,FALSE,"1",18,"yTY159b 3_12_19"
"3_12_19 8 5","3_12_19 8 5.bi:2","3_12_19",8,5,"2","yTY159b","1",19,17,70,0,1,FALSE,"1",19,"yTY159b 3_12_19"
"3_12_19 8 5","3_12_19 8 5.bi:3","3_12_19",8,5,"3","yTY159b","1",19,17,70,10,2,TRUE,"2",20,"yTY159b 3_12_19"
"3_12_19 8 5","3_12_19 8 5.bi:4","3_12_19",8,5,"4","yTY159b","1",19,17,70,0,1,FALSE,"1",21,"yTY159b 3_12_19"
"3_12_19 8 5","3_12_19 8 5.bi:5","3_12_19",8,5,"5","yTY159b","1",19,17,80,0,1,FALSE,"1",22,"yTY159b 3_12_19"
"3_12_19 8 5","3_12_19 8 5.bi:6","3_12_19",8,5,"6","yTY159b","1",19,17,90,0,1,FALSE,"1",23,"yTY159b 3_12_19"
"3_12_19 8 5","3_12_19 8 5.bi:7","3_12_19",8,5,"7","yTY159b","1",19,17,50,10,3,FALSE,"3",24,"yTY159b 3_12_19"
"3_25_19 24 2","3_25_19 24 2.bi:1","3_25_19",24,2,"1","yTY159b","2",18,17,150,50,3,FALSE,"3",18,"yTY159b 3_25_19"
"3_25_19 24 2","3_25_19 24 2.bi:2","3_25_19",24,2,"2","yTY159b","2",18,17,200,20,5,FALSE,">=5",19,"yTY159b 3_25_19"
"3_25_19 24 2","3_25_19 24 2.bi:3","3_25_19",24,2,"3","yTY159b","2",18,17,120,40,2,FALSE,"2",20,"yTY159b 3_25_19"
"3_25_19 24 3","3_25_19 24 3.bi:1","3_25_19",24,3,"1","yTY159b","2",22,21,120,20,5,FALSE,">=5",22,"yTY159b 3_25_19"
"3_25_19 24 3","3_25_19 24 3.bi:2","3_25_19",24,3,"2","yTY159b","2",22,21,170,10,7,FALSE,">=5",23,"yTY159b 3_25_19"
"3_25_19 24 3","3_25_19 24 3.bi:3","3_25_19",24,3,"3","yTY159b","2",22,21,100,10,4,FALSE,"4",24,"yTY159b 3_25_19"
"3_25_19 24 4","3_25_19 24 4.bi:1","3_25_19",24,4,"1","yTY159b","2",18,17,140,30,3,FALSE,"3",18,"yTY159b 3_25_19"
"3_25_19 24 4","3_25_19 24 4.bi:2","3_25_19",24,4,"2","yTY159b","2",18,17,150,20,3,FALSE,"3",19,"yTY159b 3_25_19"
"3_25_19 24 4","3_25_19 24 4.bi:3","3_25_19",24,4,"3","yTY159b","2",18,17,120,20,5,FALSE,">=5",20,"yTY159b 3_25_19"
"3_25_19 24 5","3_25_19 24 5.bi:1","3_25_19",24,5,"1","yTY159b","2",21,19,60,0,1,FALSE,"1",20,"yTY159b 3_25_19"
"3_25_19 24 5","3_25_19 24 5.bi:2","3_25_19",24,5,"2","yTY159b","2",21,19,70,0,1,FALSE,"1",21,"yTY159b 3_25_19"
"3_25_19 24 5","3_25_19 24 5.bi:3","3_25_19",24,5,"3","yTY159b","2",21,19,60,0,1,FALSE,"1",22,"yTY159b 3_25_19"
"3_25_19 24 5","3_25_19 24 5.bi:4","3_25_19",24,5,"4","yTY159b","2",21,19,70,0,1,FALSE,"1",23,"yTY159b 3_25_19"
"3_25_19 24 5","3_25_19 24 5.bi:5","3_25_19",24,5,"5","yTY159b","2",21,19,60,0,1,FALSE,"1",24,"yTY159b 3_25_19"
"3_25_19 24 5","3_25_19 24 5.bi:6","3_25_19",24,5,"6","yTY159b","2",21,19,60,0,1,FALSE,"1",25,"yTY159b 3_25_19"
"3_25_19 24 5","3_25_19 24 5.bi:7","3_25_19",24,5,"7","yTY159b","2",21,19,70,0,1,FALSE,"1",26,"yTY159b 3_25_19"
"3_25_19 24 5","3_25_19 24 5.bi:8","3_25_19",24,5,"8","yTY159b","2",21,19,40,0,1,FALSE,"1",27,"yTY159b 3_25_19"
"3_25_19 24 8","3_25_19 24 8.bi:1","3_25_19",24,8,"1","yTY159b","2",24,22,60,0,1,FALSE,"1",23,"yTY159b 3_25_19"
"3_25_19 24 8","3_25_19 24 8.bi:2","3_25_19",24,8,"2","yTY159b","2",24,22,60,0,1,FALSE,"1",24,"yTY159b 3_25_19"
"3_25_19 24 8","3_25_19 24 8.bi:3","3_25_19",24,8,"3","yTY159b","2",24,22,70,0,1,FALSE,"1",25,"yTY159b 3_25_19"
"3_25_19 24 8","3_25_19 24 8.bi:4","3_25_19",24,8,"4","yTY159b","2",24,22,60,0,1,FALSE,"1",26,"yTY159b 3_25_19"
"3_25_19 24 8","3_25_19 24 8.bi:5","3_25_19",24,8,"5","yTY159b","2",24,22,60,0,1,FALSE,"1",27,"yTY159b 3_25_19"
"3_25_19 24 8","3_25_19 24 8.bi:6","3_25_19",24,8,"6","yTY159b","2",24,22,70,0,1,FALSE,"1",28,"yTY159b 3_25_19"
"3_25_19 24 8","3_25_19 24 8.bi:7","3_25_19",24,8,"7","yTY159b","2",24,22,60,0,1,FALSE,"1",29,"yTY159b 3_25_19"
"3_25_19 24 8","3_25_19 24 8.bi:8","3_25_19",24,8,"8","yTY159b","2",24,22,70,0,1,FALSE,"1",30,"yTY159b 3_25_19"
"3_25_19 24 9","3_25_19 24 9.bi:1","3_25_19",24,9,"1","yTY159b","2",20,18,50,0,1,FALSE,"1",19,"yTY159b 3_25_19"
"3_25_19 24 9","3_25_19 24 9.bi:2","3_25_19",24,9,"2","yTY159b","2",20,18,70,0,1,FALSE,"1",20,"yTY159b 3_25_19"
"3_25_19 24 9","3_25_19 24 9.bi:3","3_25_19",24,9,"3","yTY159b","2",20,18,70,0,1,FALSE,"1",21,"yTY159b 3_25_19"
"3_25_19 24 9","3_25_19 24 9.bi:4","3_25_19",24,9,"4","yTY159b","2",20,18,60,20,4,FALSE,"4",22,"yTY159b 3_25_19"
"3_25_19 25 2","3_25_19 25 2.bi:1","3_25_19",25,2,"1","yTY159b","2",23,22,100,10,3,FALSE,"3",23,"yTY159b 3_25_19"
"3_25_19 25 2","3_25_19 25 2.bi:2","3_25_19",25,2,"2","yTY159b","2",23,22,130,10,3,FALSE,"3",24,"yTY159b 3_25_19"
"3_25_19 25 2","3_25_19 25 2.bi:3","3_25_19",25,2,"3","yTY159b","2",23,22,190,20,3,FALSE,"3",25,"yTY159b 3_25_19"
"3_25_19 25 4","3_25_19 25 4.bi:1","3_25_19",25,4,"1","yTY159b","2",23,22,60,0,1,FALSE,"1",23,"yTY159b 3_25_19"
"3_25_19 25 4","3_25_19 25 4.bi:2","3_25_19",25,4,"2","yTY159b","2",23,22,100,0,1,FALSE,"1",24,"yTY159b 3_25_19"
"3_25_19 25 4","3_25_19 25 4.bi:3","3_25_19",25,4,"3","yTY159b","2",23,22,80,10,3,FALSE,"3",25,"yTY159b 3_25_19"
"3_25_19 25 4","3_25_19 25 4.bi:4","3_25_19",25,4,"4","yTY159b","2",23,22,70,10,3,FALSE,"3",26,"yTY159b 3_25_19"
"3_25_19 25 4","3_25_19 25 4.bi:5","3_25_19",25,4,"5","yTY159b","2",23,22,70,0,1,FALSE,"1",27,"yTY159b 3_25_19"
"3_25_19 25 4","3_25_19 25 4.bi:6","3_25_19",25,4,"6","yTY159b","2",23,22,100,20,3,FALSE,"3",28,"yTY159b 3_25_19"
"3_25_19 25 4","3_25_19 25 4.bi:7","3_25_19",25,4,"7","yTY159b","2",23,22,30,0,1,FALSE,"1",29,"yTY159b 3_25_19"
"3_25_19 25 7","3_25_19 25 7.bi:1","3_25_19",25,7,"1","yTY159b","2",23,20,50,10,3,FALSE,"3",21,"yTY159b 3_25_19"
"3_25_19 25 7","3_25_19 25 7.bi:2","3_25_19",25,7,"2","yTY159b","2",23,20,70,10,3,FALSE,"3",22,"yTY159b 3_25_19"
"3_25_19 25 7","3_25_19 25 7.bi:3","3_25_19",25,7,"3","yTY159b","2",23,20,70,0,1,FALSE,"1",23,"yTY159b 3_25_19"
"3_25_19 25 7","3_25_19 25 7.bi:4","3_25_19",25,7,"4","yTY159b","2",23,20,70,0,1,FALSE,"1",24,"yTY159b 3_25_19"
"3_25_19 25 7","3_25_19 25 7.bi:5","3_25_19",25,7,"5","yTY159b","2",23,20,60,0,1,FALSE,"1",25,"yTY159b 3_25_19"
"3_25_19 25 7","3_25_19 25 7.bi:6","3_25_19",25,7,"6","yTY159b","2",23,20,70,0,1,FALSE,"1",26,"yTY159b 3_25_19"
"3_25_19 25 7","3_25_19 25 7.bi:7","3_25_19",25,7,"7","yTY159b","2",23,20,60,0,1,FALSE,"1",27,"yTY159b 3_25_19"
"3_25_19 25 7","3_25_19 25 7.bi:8","3_25_19",25,7,"8","yTY159b","2",23,20,40,0,1,FALSE,"1",28,"yTY159b 3_25_19"
"3_25_19 25 8","3_25_19 25 8.bi:1","3_25_19",25,8,"1","yTY159b","2",23,21,70,0,1,FALSE,"1",22,"yTY159b 3_25_19"
"3_25_19 25 8","3_25_19 25 8.bi:2","3_25_19",25,8,"2","yTY159b","2",23,21,60,0,1,FALSE,"1",23,"yTY159b 3_25_19"
"3_25_19 25 8","3_25_19 25 8.bi:3","3_25_19",25,8,"3","yTY159b","2",23,21,80,10,3,FALSE,"3",24,"yTY159b 3_25_19"
"3_25_19 25 8","3_25_19 25 8.bi:4","3_25_19",25,8,"4","yTY159b","2",23,21,60,0,1,FALSE,"1",25,"yTY159b 3_25_19"
"3_25_19 25 8","3_25_19 25 8.bi:5","3_25_19",25,8,"5","yTY159b","2",23,21,60,0,1,FALSE,"1",26,"yTY159b 3_25_19"
"3_25_19 25 8","3_25_19 25 8.bi:6","3_25_19",25,8,"6","yTY159b","2",23,21,60,0,1,FALSE,"1",27,"yTY159b 3_25_19"
"3_25_19 25 8","3_25_19 25 8.bi:7","3_25_19",25,8,"7","yTY159b","2",23,21,60,10,3,FALSE,"3",28,"yTY159b 3_25_19"
"3_25_19 25 8","3_25_19 25 8.bi:8","3_25_19",25,8,"8","yTY159b","2",23,21,40,0,1,FALSE,"1",29,"yTY159b 3_25_19"
"3_25_19 25 9","3_25_19 25 9.bi:1","3_25_19",25,9,"1","yTY159b","2",20,18,60,0,1,FALSE,"1",19,"yTY159b 3_25_19"
"3_25_19 25 9","3_25_19 25 9.bi:2","3_25_19",25,9,"2","yTY159b","2",20,18,70,0,1,FALSE,"1",20,"yTY159b 3_25_19"
"3_25_19 25 9","3_25_19 25 9.bi:3","3_25_19",25,9,"3","yTY159b","2",20,18,60,0,1,FALSE,"1",21,"yTY159b 3_25_19"
"3_25_19 25 9","3_25_19 25 9.bi:4","3_25_19",25,9,"4","yTY159b","2",20,18,100,0,1,FALSE,"1",22,"yTY159b 3_25_19"
"3_25_19 25 9","3_25_19 25 9.bi:5","3_25_19",25,9,"5","yTY159b","2",20,18,60,10,3,FALSE,"3",23,"yTY159b 3_25_19"
"3_25_19 25 9","3_25_19 25 9.bi:6","3_25_19",25,9,"6","yTY159b","2",20,18,70,0,1,FALSE,"1",24,"yTY159b 3_25_19"
"3_25_19 25 9","3_25_19 25 9.bi:7","3_25_19",25,9,"7","yTY159b","2",20,18,40,0,1,FALSE,"1",25,"yTY159b 3_25_19"
"3_25_19 26 7","3_25_19 26 7.bi:1","3_25_19",26,7,"1","yTY159b","2",21,20,210,130,3,FALSE,"3",21,"yTY159b 3_25_19"
"3_25_19 26 7","3_25_19 26 7.bi:2","3_25_19",26,7,"2","yTY159b","2",21,20,270,50,4,FALSE,"4",22,"yTY159b 3_25_19"
"3_25_19 26 8","3_25_19 26 8.bi:1","3_25_19",26,8,"1","yTY159b","2",23,22,100,0,1,FALSE,"1",23,"yTY159b 3_25_19"
"3_25_19 26 8","3_25_19 26 8.bi:2","3_25_19",26,8,"2","yTY159b","2",23,22,50,0,1,FALSE,"1",24,"yTY159b 3_25_19"
"3_25_19 26 8","3_25_19 26 8.bi:3","3_25_19",26,8,"3","yTY159b","2",23,22,70,0,1,FALSE,"1",25,"yTY159b 3_25_19"
"3_25_19 26 8","3_25_19 26 8.bi:4","3_25_19",26,8,"4","yTY159b","2",23,22,70,0,1,FALSE,"1",26,"yTY159b 3_25_19"
"3_25_19 26 8","3_25_19 26 8.bi:5","3_25_19",26,8,"5","yTY159b","2",23,22,60,0,1,FALSE,"1",27,"yTY159b 3_25_19"
"3_25_19 26 8","3_25_19 26 8.bi:6","3_25_19",26,8,"6","yTY159b","2",23,22,70,0,1,FALSE,"1",28,"yTY159b 3_25_19"
"3_25_19 26 8","3_25_19 26 8.bi:7","3_25_19",26,8,"7","yTY159b","2",23,22,50,0,1,FALSE,"1",29,"yTY159b 3_25_19"
"3_25_19 26 8","3_25_19 26 8.bi:8","3_25_19",26,8,"8","yTY159b","2",23,22,40,0,1,FALSE,"1",30,"yTY159b 3_25_19"
"3_25_19 28 4","3_25_19 28 4.bi:1","3_25_19",28,4,"1","yTY159b","2",24,22,70,0,1,FALSE,"1",23,"yTY159b 3_25_19"
"3_25_19 28 4","3_25_19 28 4.bi:2","3_25_19",28,4,"2","yTY159b","2",24,22,100,0,1,FALSE,"1",24,"yTY159b 3_25_19"
"3_25_19 28 4","3_25_19 28 4.bi:3","3_25_19",28,4,"3","yTY159b","2",24,22,70,10,3,FALSE,"3",25,"yTY159b 3_25_19"
"3_25_19 28 4","3_25_19 28 4.bi:4","3_25_19",28,4,"4","yTY159b","2",24,22,70,0,1,FALSE,"1",26,"yTY159b 3_25_19"
"3_25_19 28 4","3_25_19 28 4.bi:5","3_25_19",28,4,"5","yTY159b","2",24,22,70,0,1,FALSE,"1",27,"yTY159b 3_25_19"
"3_25_19 28 4","3_25_19 28 4.bi:6","3_25_19",28,4,"6","yTY159b","2",24,22,50,0,1,FALSE,"1",28,"yTY159b 3_25_19"
"3_25_19 28 4","3_25_19 28 4.bi:7","3_25_19",28,4,"7","yTY159b","2",24,22,70,0,1,FALSE,"1",29,"yTY159b 3_25_19"
"3_25_19 28 5","3_25_19 28 5.bi:1","3_25_19",28,5,"1","yTY159b","2",22,20,90,10,3,FALSE,"3",21,"yTY159b 3_25_19"
"3_25_19 28 5","3_25_19 28 5.bi:2","3_25_19",28,5,"2","yTY159b","2",22,20,90,10,3,FALSE,"3",22,"yTY159b 3_25_19"
"3_25_19 28 5","3_25_19 28 5.bi:3","3_25_19",28,5,"3","yTY159b","2",22,20,120,10,3,FALSE,"3",23,"yTY159b 3_25_19"
"3_25_19 28 5","3_25_19 28 5.bi:4","3_25_19",28,5,"4","yTY159b","2",22,20,120,0,1,FALSE,"1",24,"yTY159b 3_25_19"
"3_25_19 28 5","3_25_19 28 5.bi:5","3_25_19",28,5,"5","yTY159b","2",22,20,80,0,1,FALSE,"1",25,"yTY159b 3_25_19"
"3_25_19 29 1","3_25_19 29 1.bi:1","3_25_19",29,1,"1","yTY159b","2",24,22,80,0,1,FALSE,"1",23,"yTY159b 3_25_19"
"3_25_19 29 1","3_25_19 29 1.bi:2","3_25_19",29,1,"2","yTY159b","2",24,22,90,10,3,FALSE,"3",24,"yTY159b 3_25_19"
"3_25_19 29 1","3_25_19 29 1.bi:3","3_25_19",29,1,"3","yTY159b","2",24,22,150,40,3,FALSE,"3",25,"yTY159b 3_25_19"
"3_25_19 29 1","3_25_19 29 1.bi:4","3_25_19",29,1,"4","yTY159b","2",24,22,160,40,3,FALSE,"3",26,"yTY159b 3_25_19"
"3_25_19 29 2","3_25_19 29 2.bi:1","3_25_19",29,2,"1","yTY159b","2",23,21,130,0,1,FALSE,"1",22,"yTY159b 3_25_19"
"3_25_19 29 2","3_25_19 29 2.bi:2","3_25_19",29,2,"2","yTY159b","2",23,21,130,10,3,FALSE,"3",23,"yTY159b 3_25_19"
"3_25_19 29 2","3_25_19 29 2.bi:3","3_25_19",29,2,"3","yTY159b","2",23,21,150,0,1,FALSE,"1",24,"yTY159b 3_25_19"
"3_25_19 29 2","3_25_19 29 2.bi:4","3_25_19",29,2,"4","yTY159b","2",23,21,90,10,2,FALSE,"2",25,"yTY159b 3_25_19"
"3_25_19 30 4","3_25_19 30 4.bi:1","3_25_19",30,4,"1","yTY159b","2",21,19,70,10,3,FALSE,"3",20,"yTY159b 3_25_19"
"3_25_19 30 4","3_25_19 30 4.bi:2","3_25_19",30,4,"2","yTY159b","2",21,19,60,0,1,FALSE,"1",21,"yTY159b 3_25_19"
"3_25_19 30 4","3_25_19 30 4.bi:3","3_25_19",30,4,"3","yTY159b","2",21,19,70,0,1,FALSE,"1",22,"yTY159b 3_25_19"
"3_25_19 30 4","3_25_19 30 4.bi:4","3_25_19",30,4,"4","yTY159b","2",21,19,60,0,1,FALSE,"1",23,"yTY159b 3_25_19"
"3_25_19 30 4","3_25_19 30 4.bi:5","3_25_19",30,4,"5","yTY159b","2",21,19,60,10,3,FALSE,"3",24,"yTY159b 3_25_19"
"3_25_19 30 4","3_25_19 30 4.bi:6","3_25_19",30,4,"6","yTY159b","2",21,19,70,0,1,FALSE,"1",25,"yTY159b 3_25_19"
"3_25_19 30 4","3_25_19 30 4.bi:7","3_25_19",30,4,"7","yTY159b","2",21,19,70,0,1,FALSE,"1",26,"yTY159b 3_25_19"
"3_25_19 30 4","3_25_19 30 4.bi:8","3_25_19",30,4,"8","yTY159b","2",21,19,10,0,1,FALSE,"1",27,"yTY159b 3_25_19"
"3_25_19 30 8","3_25_19 30 8.bi:1","3_25_19",30,8,"1","yTY159b","2",18,17,110,20,3,FALSE,"3",18,"yTY159b 3_25_19"
"3_25_19 30 8","3_25_19 30 8.bi:2","3_25_19",30,8,"2","yTY159b","2",18,17,160,50,5,FALSE,">=5",19,"yTY159b 3_25_19"
"3_25_19 30 8","3_25_19 30 8.bi:3","3_25_19",30,8,"3","yTY159b","2",18,17,150,20,3,FALSE,"3",20,"yTY159b 3_25_19"
"3_25_19 30 8","3_25_19 30 8.bi:4","3_25_19",30,8,"4","yTY159b","2",18,17,50,0,1,FALSE,"1",21,"yTY159b 3_25_19"
"3_25_19 31 1","3_25_19 31 1.bi:1","3_25_19",31,1,"1","yTY159b","2",22,20,60,0,1,FALSE,"1",21,"yTY159b 3_25_19"
"3_25_19 31 1","3_25_19 31 1.bi:2","3_25_19",31,1,"2","yTY159b","2",22,20,60,0,1,FALSE,"1",22,"yTY159b 3_25_19"
"3_25_19 31 1","3_25_19 31 1.bi:3","3_25_19",31,1,"3","yTY159b","2",22,20,60,0,1,FALSE,"1",23,"yTY159b 3_25_19"
"3_25_19 31 1","3_25_19 31 1.bi:4","3_25_19",31,1,"4","yTY159b","2",22,20,60,0,1,FALSE,"1",24,"yTY159b 3_25_19"
"3_25_19 31 1","3_25_19 31 1.bi:5","3_25_19",31,1,"5","yTY159b","2",22,20,70,0,1,FALSE,"1",25,"yTY159b 3_25_19"
"3_25_19 31 1","3_25_19 31 1.bi:6","3_25_19",31,1,"6","yTY159b","2",22,20,60,0,1,FALSE,"1",26,"yTY159b 3_25_19"
"3_25_19 31 1","3_25_19 31 1.bi:7","3_25_19",31,1,"7","yTY159b","2",22,20,70,0,1,FALSE,"1",27,"yTY159b 3_25_19"
"3_25_19 31 1","3_25_19 31 1.bi:8","3_25_19",31,1,"8","yTY159b","2",22,20,70,0,1,FALSE,"1",28,"yTY159b 3_25_19"
"3_25_19 31 3","3_25_19 31 3.bi:1","3_25_19",31,3,"1","yTY159b","2",21,19,70,0,1,FALSE,"1",20,"yTY159b 3_25_19"
"3_25_19 31 3","3_25_19 31 3.bi:2","3_25_19",31,3,"2","yTY159b","2",21,19,60,0,1,FALSE,"1",21,"yTY159b 3_25_19"
"3_25_19 31 3","3_25_19 31 3.bi:3","3_25_19",31,3,"3","yTY159b","2",21,19,70,0,1,FALSE,"1",22,"yTY159b 3_25_19"
"3_25_19 31 3","3_25_19 31 3.bi:4","3_25_19",31,3,"4","yTY159b","2",21,19,60,0,1,FALSE,"1",23,"yTY159b 3_25_19"
"3_25_19 31 3","3_25_19 31 3.bi:5","3_25_19",31,3,"5","yTY159b","2",21,19,70,10,3,FALSE,"3",24,"yTY159b 3_25_19"
"3_25_19 31 3","3_25_19 31 3.bi:6","3_25_19",31,3,"6","yTY159b","2",21,19,80,0,1,FALSE,"1",25,"yTY159b 3_25_19"
"3_25_19 31 3","3_25_19 31 3.bi:7","3_25_19",31,3,"7","yTY159b","2",21,19,60,0,1,FALSE,"1",26,"yTY159b 3_25_19"
"3_25_19 31 3","3_25_19 31 3.bi:8","3_25_19",31,3,"8","yTY159b","2",21,19,10,0,1,FALSE,"1",27,"yTY159b 3_25_19"
"3_25_19 31 6","3_25_19 31 6.bi:1","3_25_19",31,6,"1","yTY159b","2",17,17,330,160,4,FALSE,"4",18,"yTY159b 3_25_19"
"3_25_19 31 7","3_25_19 31 7.bi:1","3_25_19",31,7,"1","yTY159b","2",23,21,70,0,1,FALSE,"1",22,"yTY159b 3_25_19"
"3_25_19 31 7","3_25_19 31 7.bi:2","3_25_19",31,7,"2","yTY159b","2",23,21,50,0,1,FALSE,"1",23,"yTY159b 3_25_19"
"3_25_19 31 7","3_25_19 31 7.bi:3","3_25_19",31,7,"3","yTY159b","2",23,21,70,0,1,FALSE,"1",24,"yTY159b 3_25_19"
"3_25_19 31 7","3_25_19 31 7.bi:4","3_25_19",31,7,"4","yTY159b","2",23,21,70,10,4,FALSE,"4",25,"yTY159b 3_25_19"
"3_25_19 31 7","3_25_19 31 7.bi:5","3_25_19",31,7,"5","yTY159b","2",23,21,70,0,1,FALSE,"1",26,"yTY159b 3_25_19"
"3_25_19 31 7","3_25_19 31 7.bi:6","3_25_19",31,7,"6","yTY159b","2",23,21,60,0,1,FALSE,"1",27,"yTY159b 3_25_19"
"3_25_19 31 7","3_25_19 31 7.bi:7","3_25_19",31,7,"7","yTY159b","2",23,21,60,0,1,FALSE,"1",28,"yTY159b 3_25_19"
"3_25_19 31 7","3_25_19 31 7.bi:8","3_25_19",31,7,"8","yTY159b","2",23,21,20,0,1,FALSE,"1",29,"yTY159b 3_25_19"
"3_25_19 31 8","3_25_19 31 8.bi:1","3_25_19",31,8,"1","yTY159b","2",18,16,60,0,1,FALSE,"1",17,"yTY159b 3_25_19"
"3_25_19 31 8","3_25_19 31 8.bi:2","3_25_19",31,8,"2","yTY159b","2",18,16,70,0,1,FALSE,"1",18,"yTY159b 3_25_19"
"3_25_19 31 8","3_25_19 31 8.bi:3","3_25_19",31,8,"3","yTY159b","2",18,16,70,0,1,FALSE,"1",19,"yTY159b 3_25_19"
"3_25_19 31 8","3_25_19 31 8.bi:4","3_25_19",31,8,"4","yTY159b","2",18,16,80,0,1,FALSE,"1",20,"yTY159b 3_25_19"
"3_25_19 31 8","3_25_19 31 8.bi:5","3_25_19",31,8,"5","yTY159b","2",18,16,100,0,1,FALSE,"1",21,"yTY159b 3_25_19"
"3_25_19 31 8","3_25_19 31 8.bi:6","3_25_19",31,8,"6","yTY159b","2",18,16,90,10,2,FALSE,"2",22,"yTY159b 3_25_19"
"3_25_19 31 9","3_25_19 31 9.bi:1","3_25_19",31,9,"1","yTY159b","2",21,21,510,320,5,FALSE,">=5",22,"yTY159b 3_25_19"
"3_25_19 32 1","3_25_19 32 1.bi:1","3_25_19",32,1,"1","yTY159b","2",20,18,60,0,1,FALSE,"1",19,"yTY159b 3_25_19"
"3_25_19 32 1","3_25_19 32 1.bi:2","3_25_19",32,1,"2","yTY159b","2",20,18,70,0,1,FALSE,"1",20,"yTY159b 3_25_19"
"3_25_19 32 1","3_25_19 32 1.bi:3","3_25_19",32,1,"3","yTY159b","2",20,18,70,0,1,FALSE,"1",21,"yTY159b 3_25_19"
"3_25_19 32 1","3_25_19 32 1.bi:4","3_25_19",32,1,"4","yTY159b","2",20,18,60,0,1,FALSE,"1",22,"yTY159b 3_25_19"
"3_25_19 32 1","3_25_19 32 1.bi:5","3_25_19",32,1,"5","yTY159b","2",20,18,70,0,1,FALSE,"1",23,"yTY159b 3_25_19"
"3_25_19 32 1","3_25_19 32 1.bi:6","3_25_19",32,1,"6","yTY159b","2",20,18,70,0,1,FALSE,"1",24,"yTY159b 3_25_19"
"3_25_19 32 1","3_25_19 32 1.bi:7","3_25_19",32,1,"7","yTY159b","2",20,18,60,0,1,FALSE,"1",25,"yTY159b 3_25_19"
"3_12_19 24 3","3_12_19 24 3.bi:1","3_12_19",24,3,"1","yTY160a","1",24,22,30,0,1,FALSE,"1",23,"yTY160a 3_12_19"
"3_12_19 24 3","3_12_19 24 3.bi:2","3_12_19",24,3,"2","yTY160a","1",24,22,60,0,1,FALSE,"1",24,"yTY160a 3_12_19"
"3_12_19 24 3","3_12_19 24 3.bi:3","3_12_19",24,3,"3","yTY160a","1",24,22,60,0,1,FALSE,"1",25,"yTY160a 3_12_19"
"3_12_19 24 3","3_12_19 24 3.bi:4","3_12_19",24,3,"4","yTY160a","1",24,22,80,0,1,FALSE,"1",26,"yTY160a 3_12_19"
"3_12_19 24 3","3_12_19 24 3.bi:5","3_12_19",24,3,"5","yTY160a","1",24,22,60,0,1,FALSE,"1",27,"yTY160a 3_12_19"
"3_12_19 24 3","3_12_19 24 3.bi:6","3_12_19",24,3,"6","yTY160a","1",24,22,90,10,3,FALSE,"3",28,"yTY160a 3_12_19"
"3_12_19 24 3","3_12_19 24 3.bi:7","3_12_19",24,3,"7","yTY160a","1",24,22,70,0,1,FALSE,"1",29,"yTY160a 3_12_19"
"3_12_19 24 3","3_12_19 24 3.bi:8","3_12_19",24,3,"8","yTY160a","1",24,22,60,10,3,FALSE,"3",30,"yTY160a 3_12_19"
"3_12_19 24 4","3_12_19 24 4.bi:1","3_12_19",24,4,"1","yTY160a","1",21,18,30,0,1,FALSE,"1",19,"yTY160a 3_12_19"
"3_12_19 24 4","3_12_19 24 4.bi:2","3_12_19",24,4,"2","yTY160a","1",21,18,80,0,1,FALSE,"1",20,"yTY160a 3_12_19"
"3_12_19 24 4","3_12_19 24 4.bi:3","3_12_19",24,4,"3","yTY160a","1",21,18,70,0,1,FALSE,"1",21,"yTY160a 3_12_19"
"3_12_19 24 4","3_12_19 24 4.bi:4","3_12_19",24,4,"4","yTY160a","1",21,18,70,0,1,FALSE,"1",22,"yTY160a 3_12_19"
"3_12_19 24 4","3_12_19 24 4.bi:5","3_12_19",24,4,"5","yTY160a","1",21,18,70,0,1,FALSE,"1",23,"yTY160a 3_12_19"
"3_12_19 24 4","3_12_19 24 4.bi:6","3_12_19",24,4,"6","yTY160a","1",21,18,80,0,1,FALSE,"1",24,"yTY160a 3_12_19"
"3_12_19 24 4","3_12_19 24 4.bi:7","3_12_19",24,4,"7","yTY160a","1",21,18,90,10,3,FALSE,"3",25,"yTY160a 3_12_19"
"3_12_19 24 4","3_12_19 24 4.bi:8","3_12_19",24,4,"8","yTY160a","1",21,18,20,0,1,FALSE,"1",26,"yTY160a 3_12_19"
"3_12_19 24 7","3_12_19 24 7.bi:1","3_12_19",24,7,"1","yTY160a","1",21,20,190,110,6,FALSE,">=5",21,"yTY160a 3_12_19"
"3_12_19 24 9","3_12_19 24 9.bi:1","3_12_19",24,9,"1","yTY160a","1",25,23,50,0,1,FALSE,"1",24,"yTY160a 3_12_19"
"3_12_19 24 9","3_12_19 24 9.bi:2","3_12_19",24,9,"2","yTY160a","1",25,23,60,0,1,FALSE,"1",25,"yTY160a 3_12_19"
"3_12_19 24 9","3_12_19 24 9.bi:3","3_12_19",24,9,"3","yTY160a","1",25,23,70,0,1,FALSE,"1",26,"yTY160a 3_12_19"
"3_12_19 24 9","3_12_19 24 9.bi:4","3_12_19",24,9,"4","yTY160a","1",25,23,80,0,1,FALSE,"1",27,"yTY160a 3_12_19"
"3_12_19 24 9","3_12_19 24 9.bi:5","3_12_19",24,9,"5","yTY160a","1",25,23,70,0,1,FALSE,"1",28,"yTY160a 3_12_19"
"3_12_19 24 9","3_12_19 24 9.bi:6","3_12_19",24,9,"6","yTY160a","1",25,23,70,0,1,FALSE,"1",29,"yTY160a 3_12_19"
"3_12_19 24 9","3_12_19 24 9.bi:7","3_12_19",24,9,"7","yTY160a","1",25,23,60,0,1,FALSE,"1",30,"yTY160a 3_12_19"
"3_12_19 24 9","3_12_19 24 9.bi:8","3_12_19",24,9,"8","yTY160a","1",25,23,50,0,1,FALSE,"1",31,"yTY160a 3_12_19"
"3_12_19 25 4","3_12_19 25 4.bi:1","3_12_19",25,4,"1","yTY160a","1",22,20,60,0,1,FALSE,"1",21,"yTY160a 3_12_19"
"3_12_19 25 4","3_12_19 25 4.bi:2","3_12_19",25,4,"2","yTY160a","1",22,20,70,0,1,FALSE,"1",22,"yTY160a 3_12_19"
"3_12_19 25 4","3_12_19 25 4.bi:3","3_12_19",25,4,"3","yTY160a","1",22,20,80,0,1,FALSE,"1",23,"yTY160a 3_12_19"
"3_12_19 25 4","3_12_19 25 4.bi:4","3_12_19",25,4,"4","yTY160a","1",22,20,70,0,1,FALSE,"1",24,"yTY160a 3_12_19"
"3_12_19 25 4","3_12_19 25 4.bi:5","3_12_19",25,4,"5","yTY160a","1",22,20,90,0,1,FALSE,"1",25,"yTY160a 3_12_19"
"3_12_19 25 4","3_12_19 25 4.bi:6","3_12_19",25,4,"6","yTY160a","1",22,20,130,0,1,FALSE,"1",26,"yTY160a 3_12_19"
"3_12_19 25 7","3_12_19 25 7.bi:1","3_12_19",25,7,"1","yTY160a","1",22,20,70,0,1,FALSE,"1",21,"yTY160a 3_12_19"
"3_12_19 25 7","3_12_19 25 7.bi:2","3_12_19",25,7,"2","yTY160a","1",22,20,60,0,1,FALSE,"1",22,"yTY160a 3_12_19"
"3_12_19 25 7","3_12_19 25 7.bi:3","3_12_19",25,7,"3","yTY160a","1",22,20,60,0,1,FALSE,"1",23,"yTY160a 3_12_19"
"3_12_19 25 7","3_12_19 25 7.bi:4","3_12_19",25,7,"4","yTY160a","1",22,20,80,0,1,FALSE,"1",24,"yTY160a 3_12_19"
"3_12_19 25 7","3_12_19 25 7.bi:5","3_12_19",25,7,"5","yTY160a","1",22,20,80,0,1,FALSE,"1",25,"yTY160a 3_12_19"
"3_12_19 25 7","3_12_19 25 7.bi:6","3_12_19",25,7,"6","yTY160a","1",22,20,70,10,3,FALSE,"3",26,"yTY160a 3_12_19"
"3_12_19 25 7","3_12_19 25 7.bi:7","3_12_19",25,7,"7","yTY160a","1",22,20,70,0,1,FALSE,"1",27,"yTY160a 3_12_19"
"3_12_19 25 7","3_12_19 25 7.bi:8","3_12_19",25,7,"8","yTY160a","1",22,20,10,0,1,FALSE,"1",28,"yTY160a 3_12_19"
"3_12_19 25 10","3_12_19 25 10.bi:1","3_12_19",25,10,"1","yTY160a","1",24,22,70,0,1,FALSE,"1",23,"yTY160a 3_12_19"
"3_12_19 25 10","3_12_19 25 10.bi:2","3_12_19",25,10,"2","yTY160a","1",24,22,60,0,1,FALSE,"1",24,"yTY160a 3_12_19"
"3_12_19 25 10","3_12_19 25 10.bi:3","3_12_19",25,10,"3","yTY160a","1",24,22,70,0,1,FALSE,"1",25,"yTY160a 3_12_19"
"3_12_19 25 10","3_12_19 25 10.bi:4","3_12_19",25,10,"4","yTY160a","1",24,22,70,0,1,FALSE,"1",26,"yTY160a 3_12_19"
"3_12_19 25 10","3_12_19 25 10.bi:5","3_12_19",25,10,"5","yTY160a","1",24,22,60,0,1,FALSE,"1",27,"yTY160a 3_12_19"
"3_12_19 25 10","3_12_19 25 10.bi:6","3_12_19",25,10,"6","yTY160a","1",24,22,120,20,3,FALSE,"3",28,"yTY160a 3_12_19"
"3_12_19 25 10","3_12_19 25 10.bi:7","3_12_19",25,10,"7","yTY160a","1",24,22,30,0,1,FALSE,"1",29,"yTY160a 3_12_19"
"3_12_19 26 2","3_12_19 26 2.bi:1","3_12_19",26,2,"1","yTY160a","1",23,21,90,0,1,FALSE,"1",22,"yTY160a 3_12_19"
"3_12_19 26 2","3_12_19 26 2.bi:2","3_12_19",26,2,"2","yTY160a","1",23,21,70,0,1,FALSE,"1",23,"yTY160a 3_12_19"
"3_12_19 26 2","3_12_19 26 2.bi:3","3_12_19",26,2,"3","yTY160a","1",23,21,90,0,1,FALSE,"1",24,"yTY160a 3_12_19"
"3_12_19 26 2","3_12_19 26 2.bi:4","3_12_19",26,2,"4","yTY160a","1",23,21,100,0,1,FALSE,"1",25,"yTY160a 3_12_19"
"3_12_19 26 2","3_12_19 26 2.bi:5","3_12_19",26,2,"5","yTY160a","1",23,21,100,0,1,FALSE,"1",26,"yTY160a 3_12_19"
"3_12_19 26 2","3_12_19 26 2.bi:6","3_12_19",26,2,"6","yTY160a","1",23,21,50,0,1,FALSE,"1",27,"yTY160a 3_12_19"
"3_12_19 26 3","3_12_19 26 3.bi:1","3_12_19",26,3,"1","yTY160a","1",21,19,70,0,1,FALSE,"1",20,"yTY160a 3_12_19"
"3_12_19 26 3","3_12_19 26 3.bi:2","3_12_19",26,3,"2","yTY160a","1",21,19,60,0,1,FALSE,"1",21,"yTY160a 3_12_19"
"3_12_19 26 3","3_12_19 26 3.bi:3","3_12_19",26,3,"3","yTY160a","1",21,19,70,0,1,FALSE,"1",22,"yTY160a 3_12_19"
"3_12_19 26 3","3_12_19 26 3.bi:4","3_12_19",26,3,"4","yTY160a","1",21,19,60,0,1,FALSE,"1",23,"yTY160a 3_12_19"
"3_12_19 26 3","3_12_19 26 3.bi:5","3_12_19",26,3,"5","yTY160a","1",21,19,70,0,1,FALSE,"1",24,"yTY160a 3_12_19"
"3_12_19 26 3","3_12_19 26 3.bi:6","3_12_19",26,3,"6","yTY160a","1",21,19,60,0,1,FALSE,"1",25,"yTY160a 3_12_19"
"3_12_19 26 3","3_12_19 26 3.bi:7","3_12_19",26,3,"7","yTY160a","1",21,19,70,0,1,FALSE,"1",26,"yTY160a 3_12_19"
"3_12_19 26 3","3_12_19 26 3.bi:8","3_12_19",26,3,"8","yTY160a","1",21,19,40,0,1,FALSE,"1",27,"yTY160a 3_12_19"
"3_12_19 26 4","3_12_19 26 4.bi:1","3_12_19",26,4,"1","yTY160a","1",24,22,60,0,1,FALSE,"1",23,"yTY160a 3_12_19"
"3_12_19 26 4","3_12_19 26 4.bi:2","3_12_19",26,4,"2","yTY160a","1",24,22,80,10,3,FALSE,"3",24,"yTY160a 3_12_19"
"3_12_19 26 4","3_12_19 26 4.bi:3","3_12_19",26,4,"3","yTY160a","1",24,22,70,0,1,FALSE,"1",25,"yTY160a 3_12_19"
"3_12_19 26 4","3_12_19 26 4.bi:4","3_12_19",26,4,"4","yTY160a","1",24,22,90,10,3,FALSE,"3",26,"yTY160a 3_12_19"
"3_12_19 26 4","3_12_19 26 4.bi:5","3_12_19",26,4,"5","yTY160a","1",24,22,90,10,3,FALSE,"3",27,"yTY160a 3_12_19"
"3_12_19 26 4","3_12_19 26 4.bi:6","3_12_19",26,4,"6","yTY160a","1",24,22,80,10,3,FALSE,"3",28,"yTY160a 3_12_19"
"3_12_19 26 5","3_12_19 26 5.bi:1","3_12_19",26,5,"1","yTY160a","1",17,15,90,0,1,FALSE,"1",16,"yTY160a 3_12_19"
"3_12_19 26 5","3_12_19 26 5.bi:2","3_12_19",26,5,"2","yTY160a","1",17,15,90,0,1,FALSE,"1",17,"yTY160a 3_12_19"
"3_12_19 26 5","3_12_19 26 5.bi:3","3_12_19",26,5,"3","yTY160a","1",17,15,110,0,1,FALSE,"1",18,"yTY160a 3_12_19"
"3_12_19 26 5","3_12_19 26 5.bi:4","3_12_19",26,5,"4","yTY160a","1",17,15,90,0,1,FALSE,"1",19,"yTY160a 3_12_19"
"3_12_19 26 5","3_12_19 26 5.bi:5","3_12_19",26,5,"5","yTY160a","1",17,15,130,10,3,FALSE,"3",20,"yTY160a 3_12_19"
"3_12_19 26 6","3_12_19 26 6.bi:1","3_12_19",26,6,"1","yTY160a","1",18,17,100,20,3,FALSE,"3",18,"yTY160a 3_12_19"
"3_12_19 26 6","3_12_19 26 6.bi:2","3_12_19",26,6,"2","yTY160a","1",18,17,120,20,5,FALSE,">=5",19,"yTY160a 3_12_19"
"3_12_19 26 6","3_12_19 26 6.bi:3","3_12_19",26,6,"3","yTY160a","1",18,17,240,150,6,FALSE,">=5",20,"yTY160a 3_12_19"
"3_12_19 26 7","3_12_19 26 7.bi:1","3_12_19",26,7,"1","yTY160a","1",19,16,50,0,1,FALSE,"1",17,"yTY160a 3_12_19"
"3_12_19 26 7","3_12_19 26 7.bi:2","3_12_19",26,7,"2","yTY160a","1",19,16,60,0,1,FALSE,"1",18,"yTY160a 3_12_19"
"3_12_19 26 7","3_12_19 26 7.bi:3","3_12_19",26,7,"3","yTY160a","1",19,16,70,0,1,FALSE,"1",19,"yTY160a 3_12_19"
"3_12_19 26 7","3_12_19 26 7.bi:4","3_12_19",26,7,"4","yTY160a","1",19,16,90,0,1,FALSE,"1",20,"yTY160a 3_12_19"
"3_12_19 26 7","3_12_19 26 7.bi:5","3_12_19",26,7,"5","yTY160a","1",19,16,100,10,3,FALSE,"3",21,"yTY160a 3_12_19"
"3_12_19 26 7","3_12_19 26 7.bi:6","3_12_19",26,7,"6","yTY160a","1",19,16,120,20,3,FALSE,"3",22,"yTY160a 3_12_19"
"3_12_19 26 7","3_12_19 26 7.bi:7","3_12_19",26,7,"7","yTY160a","1",19,16,20,0,1,FALSE,"1",23,"yTY160a 3_12_19"
"3_12_19 26 8","3_12_19 26 8.bi:1","3_12_19",26,8,"1","yTY160a","1",23,21,50,0,1,FALSE,"1",22,"yTY160a 3_12_19"
"3_12_19 26 8","3_12_19 26 8.bi:2","3_12_19",26,8,"2","yTY160a","1",23,21,60,10,3,FALSE,"3",23,"yTY160a 3_12_19"
"3_12_19 26 8","3_12_19 26 8.bi:3","3_12_19",26,8,"3","yTY160a","1",23,21,70,0,1,FALSE,"1",24,"yTY160a 3_12_19"
"3_12_19 26 8","3_12_19 26 8.bi:4","3_12_19",26,8,"4","yTY160a","1",23,21,80,0,1,FALSE,"1",25,"yTY160a 3_12_19"
"3_12_19 26 8","3_12_19 26 8.bi:5","3_12_19",26,8,"5","yTY160a","1",23,21,90,0,1,FALSE,"1",26,"yTY160a 3_12_19"
"3_12_19 26 8","3_12_19 26 8.bi:6","3_12_19",26,8,"6","yTY160a","1",23,21,90,10,4,FALSE,"4",27,"yTY160a 3_12_19"
"3_12_19 26 8","3_12_19 26 8.bi:7","3_12_19",26,8,"7","yTY160a","1",23,21,30,10,2,TRUE,"2",28,"yTY160a 3_12_19"
"3_12_19 26 9","3_12_19 26 9.bi:1","3_12_19",26,9,"1","yTY160a","1",22,20,90,0,1,FALSE,"1",21,"yTY160a 3_12_19"
"3_12_19 26 9","3_12_19 26 9.bi:2","3_12_19",26,9,"2","yTY160a","1",22,20,100,0,1,FALSE,"1",22,"yTY160a 3_12_19"
"3_12_19 26 9","3_12_19 26 9.bi:3","3_12_19",26,9,"3","yTY160a","1",22,20,110,20,3,FALSE,"3",23,"yTY160a 3_12_19"
"3_12_19 26 9","3_12_19 26 9.bi:4","3_12_19",26,9,"4","yTY160a","1",22,20,70,10,3,FALSE,"3",24,"yTY160a 3_12_19"
"3_12_19 26 9","3_12_19 26 9.bi:5","3_12_19",26,9,"5","yTY160a","1",22,20,100,10,3,FALSE,"3",25,"yTY160a 3_12_19"
"3_12_19 26 9","3_12_19 26 9.bi:6","3_12_19",26,9,"6","yTY160a","1",22,20,30,0,1,FALSE,"1",26,"yTY160a 3_12_19"
"3_12_19 26 10","3_12_19 26 10.bi:1","3_12_19",26,10,"1","yTY160a","1",22,20,70,0,1,FALSE,"1",21,"yTY160a 3_12_19"
"3_12_19 26 10","3_12_19 26 10.bi:2","3_12_19",26,10,"2","yTY160a","1",22,20,60,0,1,FALSE,"1",22,"yTY160a 3_12_19"
"3_12_19 26 10","3_12_19 26 10.bi:3","3_12_19",26,10,"3","yTY160a","1",22,20,80,0,1,FALSE,"1",23,"yTY160a 3_12_19"
"3_12_19 26 10","3_12_19 26 10.bi:4","3_12_19",26,10,"4","yTY160a","1",22,20,80,0,1,FALSE,"1",24,"yTY160a 3_12_19"
"3_12_19 26 10","3_12_19 26 10.bi:5","3_12_19",26,10,"5","yTY160a","1",22,20,70,0,1,FALSE,"1",25,"yTY160a 3_12_19"
"3_12_19 26 10","3_12_19 26 10.bi:6","3_12_19",26,10,"6","yTY160a","1",22,20,70,10,3,FALSE,"3",26,"yTY160a 3_12_19"
"3_12_19 26 10","3_12_19 26 10.bi:7","3_12_19",26,10,"7","yTY160a","1",22,20,40,0,1,FALSE,"1",27,"yTY160a 3_12_19"
"3_12_19 27 2","3_12_19 27 2.bi:1","3_12_19",27,2,"1","yTY160a","1",19,17,70,0,1,FALSE,"1",18,"yTY160a 3_12_19"
"3_12_19 27 2","3_12_19 27 2.bi:2","3_12_19",27,2,"2","yTY160a","1",19,17,60,10,3,FALSE,"3",19,"yTY160a 3_12_19"
"3_12_19 27 2","3_12_19 27 2.bi:3","3_12_19",27,2,"3","yTY160a","1",19,17,80,0,1,FALSE,"1",20,"yTY160a 3_12_19"
"3_12_19 27 2","3_12_19 27 2.bi:4","3_12_19",27,2,"4","yTY160a","1",19,17,70,0,1,FALSE,"1",21,"yTY160a 3_12_19"
"3_12_19 27 2","3_12_19 27 2.bi:5","3_12_19",27,2,"5","yTY160a","1",19,17,60,0,1,FALSE,"1",22,"yTY160a 3_12_19"
"3_12_19 27 2","3_12_19 27 2.bi:6","3_12_19",27,2,"6","yTY160a","1",19,17,70,0,1,FALSE,"1",23,"yTY160a 3_12_19"
"3_12_19 27 2","3_12_19 27 2.bi:7","3_12_19",27,2,"7","yTY160a","1",19,17,70,0,1,FALSE,"1",24,"yTY160a 3_12_19"
"3_12_19 27 8","3_12_19 27 8.bi:1","3_12_19",27,8,"1","yTY160a","1",23,22,80,10,3,FALSE,"3",23,"yTY160a 3_12_19"
"3_12_19 27 8","3_12_19 27 8.bi:2","3_12_19",27,8,"2","yTY160a","1",23,22,100,10,3,FALSE,"3",24,"yTY160a 3_12_19"
"3_12_19 27 8","3_12_19 27 8.bi:3","3_12_19",27,8,"3","yTY160a","1",23,22,110,20,7,FALSE,">=5",25,"yTY160a 3_12_19"
"3_12_19 27 8","3_12_19 27 8.bi:4","3_12_19",27,8,"4","yTY160a","1",23,22,150,30,5,FALSE,">=5",26,"yTY160a 3_12_19"
"3_12_19 27 10","3_12_19 27 10.bi:1","3_12_19",27,10,"1","yTY160a","1",22,20,70,0,1,FALSE,"1",21,"yTY160a 3_12_19"
"3_12_19 27 10","3_12_19 27 10.bi:2","3_12_19",27,10,"2","yTY160a","1",22,20,70,0,1,FALSE,"1",22,"yTY160a 3_12_19"
"3_12_19 27 10","3_12_19 27 10.bi:3","3_12_19",27,10,"3","yTY160a","1",22,20,70,10,3,FALSE,"3",23,"yTY160a 3_12_19"
"3_12_19 27 10","3_12_19 27 10.bi:4","3_12_19",27,10,"4","yTY160a","1",22,20,80,0,1,FALSE,"1",24,"yTY160a 3_12_19"
"3_12_19 27 10","3_12_19 27 10.bi:5","3_12_19",27,10,"5","yTY160a","1",22,20,80,10,3,FALSE,"3",25,"yTY160a 3_12_19"
"3_12_19 27 10","3_12_19 27 10.bi:6","3_12_19",27,10,"6","yTY160a","1",22,20,80,10,3,FALSE,"3",26,"yTY160a 3_12_19"
"3_12_19 27 10","3_12_19 27 10.bi:7","3_12_19",27,10,"7","yTY160a","1",22,20,30,0,1,FALSE,"1",27,"yTY160a 3_12_19"
"3_12_19 28 7","3_12_19 28 7.bi:1","3_12_19",28,7,"1","yTY160a","1",19,17,60,0,1,FALSE,"1",18,"yTY160a 3_12_19"
"3_12_19 28 7","3_12_19 28 7.bi:2","3_12_19",28,7,"2","yTY160a","1",19,17,70,10,3,FALSE,"3",19,"yTY160a 3_12_19"
"3_12_19 28 7","3_12_19 28 7.bi:3","3_12_19",28,7,"3","yTY160a","1",19,17,70,0,1,FALSE,"1",20,"yTY160a 3_12_19"
"3_12_19 28 7","3_12_19 28 7.bi:4","3_12_19",28,7,"4","yTY160a","1",19,17,60,10,3,FALSE,"3",21,"yTY160a 3_12_19"
"3_12_19 28 7","3_12_19 28 7.bi:5","3_12_19",28,7,"5","yTY160a","1",19,17,70,0,1,FALSE,"1",22,"yTY160a 3_12_19"
"3_12_19 28 7","3_12_19 28 7.bi:6","3_12_19",28,7,"6","yTY160a","1",19,17,80,0,1,FALSE,"1",23,"yTY160a 3_12_19"
"3_12_19 28 7","3_12_19 28 7.bi:7","3_12_19",28,7,"7","yTY160a","1",19,17,60,0,1,FALSE,"1",24,"yTY160a 3_12_19"
"3_12_19 28 9","3_12_19 28 9.bi:1","3_12_19",28,9,"1","yTY160a","1",19,17,120,10,3,FALSE,"3",18,"yTY160a 3_12_19"
"3_12_19 28 9","3_12_19 28 9.bi:2","3_12_19",28,9,"2","yTY160a","1",19,17,170,30,5,FALSE,">=5",19,"yTY160a 3_12_19"
"3_12_19 28 9","3_12_19 28 9.bi:3","3_12_19",28,9,"3","yTY160a","1",19,17,220,100,5,FALSE,">=5",20,"yTY160a 3_12_19"
"3_12_19 29 7","3_12_19 29 7.bi:1","3_12_19",29,7,"1","yTY160a","1",19,16,60,0,1,FALSE,"1",17,"yTY160a 3_12_19"
"3_12_19 29 7","3_12_19 29 7.bi:2","3_12_19",29,7,"2","yTY160a","1",19,16,50,0,1,FALSE,"1",18,"yTY160a 3_12_19"
"3_12_19 29 7","3_12_19 29 7.bi:3","3_12_19",29,7,"3","yTY160a","1",19,16,80,0,1,FALSE,"1",19,"yTY160a 3_12_19"
"3_12_19 29 7","3_12_19 29 7.bi:4","3_12_19",29,7,"4","yTY160a","1",19,16,60,0,1,FALSE,"1",20,"yTY160a 3_12_19"
"3_12_19 29 7","3_12_19 29 7.bi:5","3_12_19",29,7,"5","yTY160a","1",19,16,70,0,1,FALSE,"1",21,"yTY160a 3_12_19"
"3_12_19 29 7","3_12_19 29 7.bi:6","3_12_19",29,7,"6","yTY160a","1",19,16,50,0,1,FALSE,"1",22,"yTY160a 3_12_19"
"3_12_19 29 7","3_12_19 29 7.bi:7","3_12_19",29,7,"7","yTY160a","1",19,16,70,0,1,FALSE,"1",23,"yTY160a 3_12_19"
"3_12_19 29 7","3_12_19 29 7.bi:8","3_12_19",29,7,"8","yTY160a","1",19,16,60,10,4,TRUE,"4",24,"yTY160a 3_12_19"
"3_12_19 29 10","3_12_19 29 10.bi:1","3_12_19",29,10,"1","yTY160a","1",22,20,100,0,1,FALSE,"1",21,"yTY160a 3_12_19"
"3_12_19 29 10","3_12_19 29 10.bi:2","3_12_19",29,10,"2","yTY160a","1",22,20,210,70,7,FALSE,">=5",22,"yTY160a 3_12_19"
"3_12_19 29 10","3_12_19 29 10.bi:3","3_12_19",29,10,"3","yTY160a","1",22,20,170,30,6,FALSE,">=5",23,"yTY160a 3_12_19"
"3_12_19 29 10","3_12_19 29 10.bi:4","3_12_19",29,10,"4","yTY160a","1",22,20,10,0,1,FALSE,"1",24,"yTY160a 3_12_19"
"3_12_19 31 4","3_12_19 31 4.bi:1","3_12_19",31,4,"1","yTY160a","1",21,19,70,0,1,FALSE,"1",20,"yTY160a 3_12_19"
"3_12_19 31 4","3_12_19 31 4.bi:2","3_12_19",31,4,"2","yTY160a","1",21,19,70,0,1,FALSE,"1",21,"yTY160a 3_12_19"
"3_12_19 31 4","3_12_19 31 4.bi:3","3_12_19",31,4,"3","yTY160a","1",21,19,60,0,1,FALSE,"1",22,"yTY160a 3_12_19"
"3_12_19 31 4","3_12_19 31 4.bi:4","3_12_19",31,4,"4","yTY160a","1",21,19,60,0,1,FALSE,"1",23,"yTY160a 3_12_19"
"3_12_19 31 4","3_12_19 31 4.bi:5","3_12_19",31,4,"5","yTY160a","1",21,19,80,0,1,FALSE,"1",24,"yTY160a 3_12_19"
"3_12_19 31 4","3_12_19 31 4.bi:6","3_12_19",31,4,"6","yTY160a","1",21,19,50,0,1,FALSE,"1",25,"yTY160a 3_12_19"
"3_12_19 31 4","3_12_19 31 4.bi:7","3_12_19",31,4,"7","yTY160a","1",21,19,70,0,1,FALSE,"1",26,"yTY160a 3_12_19"
"3_12_19 31 4","3_12_19 31 4.bi:8","3_12_19",31,4,"8","yTY160a","1",21,19,30,0,1,FALSE,"1",27,"yTY160a 3_12_19"
"3_12_19 31 8","3_12_19 31 8.bi:1","3_12_19",31,8,"1","yTY160a","1",17,15,100,0,1,FALSE,"1",16,"yTY160a 3_12_19"
"3_12_19 31 8","3_12_19 31 8.bi:2","3_12_19",31,8,"2","yTY160a","1",17,15,100,10,3,FALSE,"3",17,"yTY160a 3_12_19"
"3_12_19 31 8","3_12_19 31 8.bi:3","3_12_19",31,8,"3","yTY160a","1",17,15,150,60,3,FALSE,"3",18,"yTY160a 3_12_19"
"3_12_19 31 8","3_12_19 31 8.bi:4","3_12_19",31,8,"4","yTY160a","1",17,15,130,10,3,FALSE,"3",19,"yTY160a 3_12_19"
"3_12_19 32 7","3_12_19 32 7.bi:1","3_12_19",32,7,"1","yTY160a","1",16,14,60,10,3,FALSE,"3",15,"yTY160a 3_12_19"
"3_12_19 32 7","3_12_19 32 7.bi:2","3_12_19",32,7,"2","yTY160a","1",16,14,100,10,3,FALSE,"3",16,"yTY160a 3_12_19"
"3_12_19 32 7","3_12_19 32 7.bi:3","3_12_19",32,7,"3","yTY160a","1",16,14,150,0,1,FALSE,"1",17,"yTY160a 3_12_19"
"3_12_19 32 7","3_12_19 32 7.bi:4","3_12_19",32,7,"4","yTY160a","1",16,14,170,40,3,FALSE,"3",18,"yTY160a 3_12_19"
"3_12_19 32 7","3_12_19 32 7.bi:5","3_12_19",32,7,"5","yTY160a","1",16,14,30,0,1,FALSE,"1",19,"yTY160a 3_12_19"
"3_12_19 33 2","3_12_19 33 2.bi:1","3_12_19",33,2,"1","yTY160a","1",18,16,60,0,1,FALSE,"1",17,"yTY160a 3_12_19"
"3_12_19 33 2","3_12_19 33 2.bi:2","3_12_19",33,2,"2","yTY160a","1",18,16,70,0,1,FALSE,"1",18,"yTY160a 3_12_19"
"3_12_19 33 2","3_12_19 33 2.bi:3","3_12_19",33,2,"3","yTY160a","1",18,16,100,0,1,FALSE,"1",19,"yTY160a 3_12_19"
"3_12_19 33 2","3_12_19 33 2.bi:4","3_12_19",33,2,"4","yTY160a","1",18,16,90,0,1,FALSE,"1",20,"yTY160a 3_12_19"
"3_12_19 33 2","3_12_19 33 2.bi:5","3_12_19",33,2,"5","yTY160a","1",18,16,80,0,1,FALSE,"1",21,"yTY160a 3_12_19"
"3_12_19 33 2","3_12_19 33 2.bi:6","3_12_19",33,2,"6","yTY160a","1",18,16,90,0,1,FALSE,"1",22,"yTY160a 3_12_19"
"3_12_19 34 3","3_12_19 34 3.bi:1","3_12_19",34,3,"1","yTY160a","1",22,20,70,0,1,FALSE,"1",21,"yTY160a 3_12_19"
"3_12_19 34 3","3_12_19 34 3.bi:2","3_12_19",34,3,"2","yTY160a","1",22,20,60,0,1,FALSE,"1",22,"yTY160a 3_12_19"
"3_12_19 34 3","3_12_19 34 3.bi:3","3_12_19",34,3,"3","yTY160a","1",22,20,60,0,1,FALSE,"1",23,"yTY160a 3_12_19"
"3_12_19 34 3","3_12_19 34 3.bi:4","3_12_19",34,3,"4","yTY160a","1",22,20,70,0,1,FALSE,"1",24,"yTY160a 3_12_19"
"3_12_19 34 3","3_12_19 34 3.bi:5","3_12_19",34,3,"5","yTY160a","1",22,20,80,0,1,FALSE,"1",25,"yTY160a 3_12_19"
"3_12_19 34 3","3_12_19 34 3.bi:6","3_12_19",34,3,"6","yTY160a","1",22,20,70,0,1,FALSE,"1",26,"yTY160a 3_12_19"
"3_12_19 34 3","3_12_19 34 3.bi:7","3_12_19",34,3,"7","yTY160a","1",22,20,80,0,1,FALSE,"1",27,"yTY160a 3_12_19"
"3_25_19 1 2","3_25_19 1 2.bi:1","3_25_19",1,2,"1","yTY160a","2",16,15,100,10,3,FALSE,"3",16,"yTY160a 3_25_19"
"3_25_19 1 2","3_25_19 1 2.bi:2","3_25_19",1,2,"2","yTY160a","2",16,15,100,10,3,FALSE,"3",17,"yTY160a 3_25_19"
"3_25_19 1 2","3_25_19 1 2.bi:3","3_25_19",1,2,"3","yTY160a","2",16,15,80,10,3,FALSE,"3",18,"yTY160a 3_25_19"
"3_25_19 1 2","3_25_19 1 2.bi:4","3_25_19",1,2,"4","yTY160a","2",16,15,80,10,3,FALSE,"3",19,"yTY160a 3_25_19"
"3_25_19 1 2","3_25_19 1 2.bi:5","3_25_19",1,2,"5","yTY160a","2",16,15,60,20,3,FALSE,"3",20,"yTY160a 3_25_19"
"3_25_19 1 3","3_25_19 1 3.bi:1","3_25_19",1,3,"1","yTY160a","2",20,19,170,30,5,FALSE,">=5",20,"yTY160a 3_25_19"
"3_25_19 1 4","3_25_19 1 4.bi:1","3_25_19",1,4,"1","yTY160a","2",21,20,90,10,3,FALSE,"3",21,"yTY160a 3_25_19"
"3_25_19 1 4","3_25_19 1 4.bi:2","3_25_19",1,4,"2","yTY160a","2",21,20,70,0,1,FALSE,"1",22,"yTY160a 3_25_19"
"3_25_19 1 4","3_25_19 1 4.bi:3","3_25_19",1,4,"3","yTY160a","2",21,20,80,0,1,FALSE,"1",23,"yTY160a 3_25_19"
"3_25_19 1 4","3_25_19 1 4.bi:4","3_25_19",1,4,"4","yTY160a","2",21,20,90,0,1,FALSE,"1",24,"yTY160a 3_25_19"
"3_25_19 1 4","3_25_19 1 4.bi:5","3_25_19",1,4,"5","yTY160a","2",21,20,110,0,1,FALSE,"1",25,"yTY160a 3_25_19"
"3_25_19 1 4","3_25_19 1 4.bi:6","3_25_19",1,4,"6","yTY160a","2",21,20,10,0,1,FALSE,"1",26,"yTY160a 3_25_19"
"3_25_19 1 5","3_25_19 1 5.bi:1","3_25_19",1,5,"1","yTY160a","2",21,19,70,10,2,FALSE,"2",20,"yTY160a 3_25_19"
"3_25_19 1 5","3_25_19 1 5.bi:2","3_25_19",1,5,"2","yTY160a","2",21,19,100,0,1,FALSE,"1",21,"yTY160a 3_25_19"
"3_25_19 1 5","3_25_19 1 5.bi:3","3_25_19",1,5,"3","yTY160a","2",21,19,90,0,1,FALSE,"1",22,"yTY160a 3_25_19"
"3_25_19 1 5","3_25_19 1 5.bi:4","3_25_19",1,5,"4","yTY160a","2",21,19,80,0,1,FALSE,"1",23,"yTY160a 3_25_19"
"3_25_19 1 5","3_25_19 1 5.bi:5","3_25_19",1,5,"5","yTY160a","2",21,19,90,0,1,FALSE,"1",24,"yTY160a 3_25_19"
"3_25_19 1 5","3_25_19 1 5.bi:6","3_25_19",1,5,"6","yTY160a","2",21,19,30,0,1,FALSE,"1",25,"yTY160a 3_25_19"
"3_25_19 1 6","3_25_19 1 6.bi:1","3_25_19",1,6,"1","yTY160a","2",19,17,70,10,3,FALSE,"3",18,"yTY160a 3_25_19"
"3_25_19 1 6","3_25_19 1 6.bi:2","3_25_19",1,6,"2","yTY160a","2",19,17,60,0,1,FALSE,"1",19,"yTY160a 3_25_19"
"3_25_19 1 6","3_25_19 1 6.bi:3","3_25_19",1,6,"3","yTY160a","2",19,17,80,0,1,FALSE,"1",20,"yTY160a 3_25_19"
"3_25_19 1 6","3_25_19 1 6.bi:4","3_25_19",1,6,"4","yTY160a","2",19,17,90,0,1,FALSE,"1",21,"yTY160a 3_25_19"
"3_25_19 1 6","3_25_19 1 6.bi:5","3_25_19",1,6,"5","yTY160a","2",19,17,50,0,1,FALSE,"1",22,"yTY160a 3_25_19"
"3_25_19 1 6","3_25_19 1 6.bi:6","3_25_19",1,6,"6","yTY160a","2",19,17,80,10,3,FALSE,"3",23,"yTY160a 3_25_19"
"3_25_19 1 6","3_25_19 1 6.bi:7","3_25_19",1,6,"7","yTY160a","2",19,17,60,0,1,FALSE,"1",24,"yTY160a 3_25_19"
"3_25_19 1 6","3_25_19 1 6.bi:8","3_25_19",1,6,"8","yTY160a","2",19,17,20,0,1,FALSE,"1",25,"yTY160a 3_25_19"
"3_25_19 1 7","3_25_19 1 7.bi:1","3_25_19",1,7,"1","yTY160a","2",22,20,70,0,1,FALSE,"1",21,"yTY160a 3_25_19"
"3_25_19 1 7","3_25_19 1 7.bi:2","3_25_19",1,7,"2","yTY160a","2",22,20,60,0,1,FALSE,"1",22,"yTY160a 3_25_19"
"3_25_19 1 7","3_25_19 1 7.bi:3","3_25_19",1,7,"3","yTY160a","2",22,20,60,10,3,FALSE,"3",23,"yTY160a 3_25_19"
"3_25_19 1 7","3_25_19 1 7.bi:4","3_25_19",1,7,"4","yTY160a","2",22,20,70,0,1,FALSE,"1",24,"yTY160a 3_25_19"
"3_25_19 1 7","3_25_19 1 7.bi:5","3_25_19",1,7,"5","yTY160a","2",22,20,90,0,1,FALSE,"1",25,"yTY160a 3_25_19"
"3_25_19 1 7","3_25_19 1 7.bi:6","3_25_19",1,7,"6","yTY160a","2",22,20,90,10,5,FALSE,">=5",26,"yTY160a 3_25_19"
"3_25_19 1 7","3_25_19 1 7.bi:7","3_25_19",1,7,"7","yTY160a","2",22,20,40,0,1,FALSE,"1",27,"yTY160a 3_25_19"
"3_25_19 1 9","3_25_19 1 9.bi:1","3_25_19",1,9,"1","yTY160a","2",23,21,80,10,3,FALSE,"3",22,"yTY160a 3_25_19"
"3_25_19 1 9","3_25_19 1 9.bi:2","3_25_19",1,9,"2","yTY160a","2",23,21,80,0,1,FALSE,"1",23,"yTY160a 3_25_19"
"3_25_19 1 9","3_25_19 1 9.bi:3","3_25_19",1,9,"3","yTY160a","2",23,21,90,10,3,FALSE,"3",24,"yTY160a 3_25_19"
"3_25_19 1 9","3_25_19 1 9.bi:4","3_25_19",1,9,"4","yTY160a","2",23,21,150,80,2,FALSE,"2",25,"yTY160a 3_25_19"
"3_25_19 1 9","3_25_19 1 9.bi:5","3_25_19",1,9,"5","yTY160a","2",23,21,80,0,1,FALSE,"1",26,"yTY160a 3_25_19"
"3_25_19 1 10","3_25_19 1 10.bi:1","3_25_19",1,10,"1","yTY160a","2",23,22,90,10,3,FALSE,"3",23,"yTY160a 3_25_19"
"3_25_19 1 10","3_25_19 1 10.bi:2","3_25_19",1,10,"2","yTY160a","2",23,22,140,20,7,FALSE,">=5",24,"yTY160a 3_25_19"
"3_25_19 1 10","3_25_19 1 10.bi:3","3_25_19",1,10,"3","yTY160a","2",23,22,130,10,3,FALSE,"3",25,"yTY160a 3_25_19"
"3_25_19 2 2","3_25_19 2 2.bi:1","3_25_19",2,2,"1","yTY160a","2",20,19,130,30,3,FALSE,"3",20,"yTY160a 3_25_19"
"3_25_19 2 2","3_25_19 2 2.bi:2","3_25_19",2,2,"2","yTY160a","2",20,19,190,50,6,TRUE,">=5",21,"yTY160a 3_25_19"
"3_25_19 2 2","3_25_19 2 2.bi:3","3_25_19",2,2,"3","yTY160a","2",20,19,140,100,2,FALSE,"2",22,"yTY160a 3_25_19"
"3_25_19 2 5","3_25_19 2 5.bi:1","3_25_19",2,5,"1","yTY160a","2",21,19,60,0,1,FALSE,"1",20,"yTY160a 3_25_19"
"3_25_19 2 5","3_25_19 2 5.bi:2","3_25_19",2,5,"2","yTY160a","2",21,19,70,0,1,FALSE,"1",21,"yTY160a 3_25_19"
"3_25_19 2 5","3_25_19 2 5.bi:3","3_25_19",2,5,"3","yTY160a","2",21,19,70,0,1,FALSE,"1",22,"yTY160a 3_25_19"
"3_25_19 2 5","3_25_19 2 5.bi:4","3_25_19",2,5,"4","yTY160a","2",21,19,70,0,1,FALSE,"1",23,"yTY160a 3_25_19"
"3_25_19 2 5","3_25_19 2 5.bi:5","3_25_19",2,5,"5","yTY160a","2",21,19,70,0,1,FALSE,"1",24,"yTY160a 3_25_19"
"3_25_19 2 5","3_25_19 2 5.bi:6","3_25_19",2,5,"6","yTY160a","2",21,19,70,0,1,FALSE,"1",25,"yTY160a 3_25_19"
"3_25_19 2 5","3_25_19 2 5.bi:7","3_25_19",2,5,"7","yTY160a","2",21,19,70,0,1,FALSE,"1",26,"yTY160a 3_25_19"
"3_25_19 2 6","3_25_19 2 6.bi:1","3_25_19",2,6,"1","yTY160a","2",18,17,120,10,4,FALSE,"4",18,"yTY160a 3_25_19"
"3_25_19 2 6","3_25_19 2 6.bi:2","3_25_19",2,6,"2","yTY160a","2",18,17,140,40,5,FALSE,">=5",19,"yTY160a 3_25_19"
"3_25_19 2 6","3_25_19 2 6.bi:3","3_25_19",2,6,"3","yTY160a","2",18,17,170,30,3,FALSE,"3",20,"yTY160a 3_25_19"
"3_25_19 2 6","3_25_19 2 6.bi:4","3_25_19",2,6,"4","yTY160a","2",18,17,10,0,1,FALSE,"1",21,"yTY160a 3_25_19"
"3_25_19 2 7","3_25_19 2 7.bi:1","3_25_19",2,7,"1","yTY160a","2",21,19,70,10,3,FALSE,"3",20,"yTY160a 3_25_19"
"3_25_19 2 7","3_25_19 2 7.bi:2","3_25_19",2,7,"2","yTY160a","2",21,19,60,0,1,FALSE,"1",21,"yTY160a 3_25_19"
"3_25_19 2 7","3_25_19 2 7.bi:3","3_25_19",2,7,"3","yTY160a","2",21,19,80,0,1,FALSE,"1",22,"yTY160a 3_25_19"
"3_25_19 2 7","3_25_19 2 7.bi:4","3_25_19",2,7,"4","yTY160a","2",21,19,70,0,1,FALSE,"1",23,"yTY160a 3_25_19"
"3_25_19 2 7","3_25_19 2 7.bi:5","3_25_19",2,7,"5","yTY160a","2",21,19,80,0,1,FALSE,"1",24,"yTY160a 3_25_19"
"3_25_19 2 7","3_25_19 2 7.bi:6","3_25_19",2,7,"6","yTY160a","2",21,19,70,10,3,FALSE,"3",25,"yTY160a 3_25_19"
"3_25_19 2 7","3_25_19 2 7.bi:7","3_25_19",2,7,"7","yTY160a","2",21,19,30,0,1,FALSE,"1",26,"yTY160a 3_25_19"
"3_25_19 2 8","3_25_19 2 8.bi:1","3_25_19",2,8,"1","yTY160a","2",22,21,100,0,1,FALSE,"1",22,"yTY160a 3_25_19"
"3_25_19 2 8","3_25_19 2 8.bi:2","3_25_19",2,8,"2","yTY160a","2",22,21,90,10,3,FALSE,"3",23,"yTY160a 3_25_19"
"3_25_19 2 8","3_25_19 2 8.bi:3","3_25_19",2,8,"3","yTY160a","2",22,21,80,10,3,FALSE,"3",24,"yTY160a 3_25_19"
"3_25_19 2 8","3_25_19 2 8.bi:4","3_25_19",2,8,"4","yTY160a","2",22,21,170,60,3,FALSE,"3",25,"yTY160a 3_25_19"
"3_25_19 2 10","3_25_19 2 10.bi:1","3_25_19",2,10,"1","yTY160a","2",20,19,160,20,6,FALSE,">=5",20,"yTY160a 3_25_19"
"3_25_19 3 1","3_25_19 3 1.bi:1","3_25_19",3,1,"1","yTY160a","2",18,16,80,0,1,FALSE,"1",17,"yTY160a 3_25_19"
"3_25_19 3 1","3_25_19 3 1.bi:2","3_25_19",3,1,"2","yTY160a","2",18,16,90,0,1,FALSE,"1",18,"yTY160a 3_25_19"
"3_25_19 3 4","3_25_19 3 4.bi:1","3_25_19",3,4,"1","yTY160a","2",21,20,90,0,1,FALSE,"1",21,"yTY160a 3_25_19"
"3_25_19 3 4","3_25_19 3 4.bi:2","3_25_19",3,4,"2","yTY160a","2",21,20,70,0,1,FALSE,"1",22,"yTY160a 3_25_19"
"3_25_19 3 4","3_25_19 3 4.bi:3","3_25_19",3,4,"3","yTY160a","2",21,20,70,0,1,FALSE,"1",23,"yTY160a 3_25_19"
"3_25_19 3 4","3_25_19 3 4.bi:4","3_25_19",3,4,"4","yTY160a","2",21,20,70,0,1,FALSE,"1",24,"yTY160a 3_25_19"
"3_25_19 3 4","3_25_19 3 4.bi:5","3_25_19",3,4,"5","yTY160a","2",21,20,60,0,1,FALSE,"1",25,"yTY160a 3_25_19"
"3_25_19 3 4","3_25_19 3 4.bi:6","3_25_19",3,4,"6","yTY160a","2",21,20,80,0,1,FALSE,"1",26,"yTY160a 3_25_19"
"3_25_19 3 4","3_25_19 3 4.bi:7","3_25_19",3,4,"7","yTY160a","2",21,20,10,0,1,FALSE,"1",27,"yTY160a 3_25_19"
"3_25_19 3 7","3_25_19 3 7.bi:1","3_25_19",3,7,"1","yTY160a","2",19,17,70,0,1,FALSE,"1",18,"yTY160a 3_25_19"
"3_25_19 3 7","3_25_19 3 7.bi:2","3_25_19",3,7,"2","yTY160a","2",19,17,70,0,1,FALSE,"1",19,"yTY160a 3_25_19"
"3_25_19 3 7","3_25_19 3 7.bi:3","3_25_19",3,7,"3","yTY160a","2",19,17,70,0,1,FALSE,"1",20,"yTY160a 3_25_19"
"3_25_19 3 7","3_25_19 3 7.bi:4","3_25_19",3,7,"4","yTY160a","2",19,17,70,0,1,FALSE,"1",21,"yTY160a 3_25_19"
"3_25_19 3 7","3_25_19 3 7.bi:5","3_25_19",3,7,"5","yTY160a","2",19,17,60,0,1,FALSE,"1",22,"yTY160a 3_25_19"
"3_25_19 3 7","3_25_19 3 7.bi:6","3_25_19",3,7,"6","yTY160a","2",19,17,60,0,1,FALSE,"1",23,"yTY160a 3_25_19"
"3_25_19 3 7","3_25_19 3 7.bi:7","3_25_19",3,7,"7","yTY160a","2",19,17,80,0,1,FALSE,"1",24,"yTY160a 3_25_19"
"3_25_19 3 7","3_25_19 3 7.bi:8","3_25_19",3,7,"8","yTY160a","2",19,17,20,0,1,FALSE,"1",25,"yTY160a 3_25_19"
"3_25_19 4 8","3_25_19 4 8.bi:1","3_25_19",4,8,"1","yTY160a","2",25,23,70,10,3,FALSE,"3",24,"yTY160a 3_25_19"
"3_25_19 4 8","3_25_19 4 8.bi:2","3_25_19",4,8,"2","yTY160a","2",25,23,70,0,1,FALSE,"1",25,"yTY160a 3_25_19"
"3_25_19 4 8","3_25_19 4 8.bi:3","3_25_19",4,8,"3","yTY160a","2",25,23,110,0,1,FALSE,"1",26,"yTY160a 3_25_19"
"3_25_19 4 8","3_25_19 4 8.bi:4","3_25_19",4,8,"4","yTY160a","2",25,23,70,10,3,FALSE,"3",27,"yTY160a 3_25_19"
"3_25_19 4 8","3_25_19 4 8.bi:5","3_25_19",4,8,"5","yTY160a","2",25,23,70,0,1,FALSE,"1",28,"yTY160a 3_25_19"
"3_25_19 4 8","3_25_19 4 8.bi:6","3_25_19",4,8,"6","yTY160a","2",25,23,70,10,3,FALSE,"3",29,"yTY160a 3_25_19"
"3_25_19 4 10","3_25_19 4 10.bi:1","3_25_19",4,10,"1","yTY160a","2",22,20,80,10,3,FALSE,"3",21,"yTY160a 3_25_19"
"3_25_19 4 10","3_25_19 4 10.bi:2","3_25_19",4,10,"2","yTY160a","2",22,20,80,10,4,FALSE,"4",22,"yTY160a 3_25_19"
"3_25_19 4 10","3_25_19 4 10.bi:3","3_25_19",4,10,"3","yTY160a","2",22,20,90,10,3,FALSE,"3",23,"yTY160a 3_25_19"
"3_25_19 4 10","3_25_19 4 10.bi:4","3_25_19",4,10,"4","yTY160a","2",22,20,90,10,3,FALSE,"3",24,"yTY160a 3_25_19"
"3_25_19 4 10","3_25_19 4 10.bi:5","3_25_19",4,10,"5","yTY160a","2",22,20,100,0,1,FALSE,"1",25,"yTY160a 3_25_19"
"3_25_19 4 10","3_25_19 4 10.bi:6","3_25_19",4,10,"6","yTY160a","2",22,20,10,0,1,FALSE,"1",26,"yTY160a 3_25_19"
"3_25_19 5 5","3_25_19 5 5.bi:1","3_25_19",5,5,"1","yTY160a","2",24,22,70,0,1,FALSE,"1",23,"yTY160a 3_25_19"
"3_25_19 5 5","3_25_19 5 5.bi:2","3_25_19",5,5,"2","yTY160a","2",24,22,60,10,3,FALSE,"3",24,"yTY160a 3_25_19"
"3_25_19 5 5","3_25_19 5 5.bi:3","3_25_19",5,5,"3","yTY160a","2",24,22,70,0,1,FALSE,"1",25,"yTY160a 3_25_19"
"3_25_19 5 5","3_25_19 5 5.bi:4","3_25_19",5,5,"4","yTY160a","2",24,22,70,0,1,FALSE,"1",26,"yTY160a 3_25_19"
"3_25_19 5 5","3_25_19 5 5.bi:5","3_25_19",5,5,"5","yTY160a","2",24,22,60,0,1,FALSE,"1",27,"yTY160a 3_25_19"
"3_25_19 5 5","3_25_19 5 5.bi:6","3_25_19",5,5,"6","yTY160a","2",24,22,70,10,3,FALSE,"3",28,"yTY160a 3_25_19"
"3_25_19 5 5","3_25_19 5 5.bi:7","3_25_19",5,5,"7","yTY160a","2",24,22,60,0,1,FALSE,"1",29,"yTY160a 3_25_19"
"3_25_19 5 5","3_25_19 5 5.bi:8","3_25_19",5,5,"8","yTY160a","2",24,22,10,0,1,FALSE,"1",30,"yTY160a 3_25_19"
"3_25_19 5 7","3_25_19 5 7.bi:1","3_25_19",5,7,"1","yTY160a","2",20,18,90,0,1,FALSE,"1",19,"yTY160a 3_25_19"
"3_25_19 5 7","3_25_19 5 7.bi:2","3_25_19",5,7,"2","yTY160a","2",20,18,80,10,3,FALSE,"3",20,"yTY160a 3_25_19"
"3_25_19 5 7","3_25_19 5 7.bi:3","3_25_19",5,7,"3","yTY160a","2",20,18,70,0,1,FALSE,"1",21,"yTY160a 3_25_19"
"3_25_19 5 7","3_25_19 5 7.bi:4","3_25_19",5,7,"4","yTY160a","2",20,18,90,10,3,FALSE,"3",22,"yTY160a 3_25_19"
"3_25_19 5 7","3_25_19 5 7.bi:5","3_25_19",5,7,"5","yTY160a","2",20,18,100,20,5,FALSE,">=5",23,"yTY160a 3_25_19"
"3_25_19 5 7","3_25_19 5 7.bi:6","3_25_19",5,7,"6","yTY160a","2",20,18,40,0,1,FALSE,"1",24,"yTY160a 3_25_19"
"3_25_19 6 2","3_25_19 6 2.bi:1","3_25_19",6,2,"1","yTY160a","2",22,20,90,20,3,FALSE,"3",21,"yTY160a 3_25_19"
"3_25_19 6 2","3_25_19 6 2.bi:2","3_25_19",6,2,"2","yTY160a","2",22,20,180,20,5,FALSE,">=5",22,"yTY160a 3_25_19"
"3_25_19 6 2","3_25_19 6 2.bi:3","3_25_19",6,2,"3","yTY160a","2",22,20,50,30,2,FALSE,"2",23,"yTY160a 3_25_19"
"3_25_19 6 5","3_25_19 6 5.bi:1","3_25_19",6,5,"1","yTY160a","2",24,22,80,0,1,FALSE,"1",23,"yTY160a 3_25_19"
"3_25_19 6 5","3_25_19 6 5.bi:2","3_25_19",6,5,"2","yTY160a","2",24,22,100,0,1,FALSE,"1",24,"yTY160a 3_25_19"
"3_25_19 6 5","3_25_19 6 5.bi:3","3_25_19",6,5,"3","yTY160a","2",24,22,110,0,1,FALSE,"1",25,"yTY160a 3_25_19"
"3_25_19 6 5","3_25_19 6 5.bi:4","3_25_19",6,5,"4","yTY160a","2",24,22,130,10,3,FALSE,"3",26,"yTY160a 3_25_19"
"3_25_19 6 5","3_25_19 6 5.bi:5","3_25_19",6,5,"5","yTY160a","2",24,22,50,0,1,FALSE,"1",27,"yTY160a 3_25_19"
"3_25_19 6 8","3_25_19 6 8.bi:1","3_25_19",6,8,"1","yTY160a","2",22,20,60,10,3,FALSE,"3",21,"yTY160a 3_25_19"
"3_25_19 6 8","3_25_19 6 8.bi:2","3_25_19",6,8,"2","yTY160a","2",22,20,90,0,1,FALSE,"1",22,"yTY160a 3_25_19"
"3_25_19 6 8","3_25_19 6 8.bi:3","3_25_19",6,8,"3","yTY160a","2",22,20,90,20,3,FALSE,"3",23,"yTY160a 3_25_19"
"3_25_19 6 8","3_25_19 6 8.bi:4","3_25_19",6,8,"4","yTY160a","2",22,20,90,30,3,FALSE,"3",24,"yTY160a 3_25_19"
"3_25_19 6 8","3_25_19 6 8.bi:5","3_25_19",6,8,"5","yTY160a","2",22,20,100,20,3,FALSE,"3",25,"yTY160a 3_25_19"
"3_25_19 6 8","3_25_19 6 8.bi:6","3_25_19",6,8,"6","yTY160a","2",22,20,10,0,1,FALSE,"1",26,"yTY160a 3_25_19"
"3_25_19 6 9","3_25_19 6 9.bi:1","3_25_19",6,9,"1","yTY160a","2",17,16,80,0,1,FALSE,"1",17,"yTY160a 3_25_19"
"3_25_19 6 9","3_25_19 6 9.bi:2","3_25_19",6,9,"2","yTY160a","2",17,16,90,10,3,FALSE,"3",18,"yTY160a 3_25_19"
"3_25_19 6 9","3_25_19 6 9.bi:3","3_25_19",6,9,"3","yTY160a","2",17,16,100,10,3,FALSE,"3",19,"yTY160a 3_25_19"
"3_25_19 6 9","3_25_19 6 9.bi:4","3_25_19",6,9,"4","yTY160a","2",17,16,80,10,3,FALSE,"3",20,"yTY160a 3_25_19"
"3_25_19 6 9","3_25_19 6 9.bi:5","3_25_19",6,9,"5","yTY160a","2",17,16,90,20,3,FALSE,"3",21,"yTY160a 3_25_19"
"3_25_19 7 2","3_25_19 7 2.bi:1","3_25_19",7,2,"1","yTY160a","2",22,20,80,10,3,FALSE,"3",21,"yTY160a 3_25_19"
"3_25_19 7 2","3_25_19 7 2.bi:2","3_25_19",7,2,"2","yTY160a","2",22,20,90,0,1,FALSE,"1",22,"yTY160a 3_25_19"
"3_25_19 7 2","3_25_19 7 2.bi:3","3_25_19",7,2,"3","yTY160a","2",22,20,90,0,1,FALSE,"1",23,"yTY160a 3_25_19"
"3_25_19 7 2","3_25_19 7 2.bi:4","3_25_19",7,2,"4","yTY160a","2",22,20,90,10,3,FALSE,"3",24,"yTY160a 3_25_19"
"3_25_19 7 2","3_25_19 7 2.bi:5","3_25_19",7,2,"5","yTY160a","2",22,20,90,0,1,FALSE,"1",25,"yTY160a 3_25_19"
"3_25_19 7 2","3_25_19 7 2.bi:6","3_25_19",7,2,"6","yTY160a","2",22,20,20,0,1,FALSE,"1",26,"yTY160a 3_25_19"
"3_25_19 7 6","3_25_19 7 6.bi:1","3_25_19",7,6,"1","yTY160a","2",19,18,80,0,1,FALSE,"1",19,"yTY160a 3_25_19"
"3_25_19 7 6","3_25_19 7 6.bi:2","3_25_19",7,6,"2","yTY160a","2",19,18,80,10,3,FALSE,"3",20,"yTY160a 3_25_19"
"3_25_19 7 6","3_25_19 7 6.bi:3","3_25_19",7,6,"3","yTY160a","2",19,18,100,0,1,FALSE,"1",21,"yTY160a 3_25_19"
"3_25_19 7 6","3_25_19 7 6.bi:4","3_25_19",7,6,"4","yTY160a","2",19,18,100,0,1,FALSE,"1",22,"yTY160a 3_25_19"
"3_25_19 7 6","3_25_19 7 6.bi:5","3_25_19",7,6,"5","yTY160a","2",19,18,80,10,2,FALSE,"2",23,"yTY160a 3_25_19"
"3_25_19 7 8","3_25_19 7 8.bi:1","3_25_19",7,8,"1","yTY160a","2",21,20,100,30,3,FALSE,"3",21,"yTY160a 3_25_19"
"3_25_19 7 8","3_25_19 7 8.bi:2","3_25_19",7,8,"2","yTY160a","2",21,20,100,10,3,FALSE,"3",22,"yTY160a 3_25_19"
"3_25_19 7 8","3_25_19 7 8.bi:3","3_25_19",7,8,"3","yTY160a","2",21,20,160,30,5,FALSE,">=5",23,"yTY160a 3_25_19"
"3_25_19 7 8","3_25_19 7 8.bi:4","3_25_19",7,8,"4","yTY160a","2",21,20,150,30,3,FALSE,"3",24,"yTY160a 3_25_19"
